title,text,label
GOVERNMENT,Good Samaritan lawyers step forward to help protesting farmers at Delhi borders,real
POLITICS,Fact Check: Was Aaditya Thackeray spotted with Rhea Chakraborty? Heres the...,fake
POLITICS,"Amid Ladakh tensions, Jaishankar to travel to Moscow; may meet Chinese counterpart",real
POLITICS,Fact Check: Truth behind Bandra railway station gathering accused Vinay Dubeys...,fake
GOVERNMENT,Congress states may call special session to nullify central farm laws,real
VIOLENCE,Video Of Couple Paraded Naked In Rajasthan Shared With Fake Claim,fake
VIOLENCE,"No, this is not a video of tigers attacking and killing a man at a wildlife park in India",fake
VIOLENCE,Accidents prompt HP police to deploy teams in Atal Tunnel,real
MISLEADING,Video on boy tweaked to claim âHindu beaten upâ goes viral; Fact Check,fake
GOVERNMENT,"86,000 teachers being trained to impart quality education in J&K schools",real
POLITICS,Shore up health infra: PM to CMs,real
GOVERNMENT,Fact Check: Did The Queen Thank PM Modi For Covid-19 Vaccines?...,fake
COVID-19,Fact Check: Justin Trudeau did not back Tamil Naduâs anti-Hindi stir,fake
POLITICS,Tata rejects Mistrys share-swap separation offer as nonsense,real
GOVERNMENT,"Adopt best agricultural practices, Tomar writes to farmers",real
VIOLENCE,2013 Photo Of Violent Protests in Bangladesh Peddled As Kerala,fake
POLITICS,Fact Check: Italyâs Republic Day ceremony passed off as Franceâs farewell to Rafale,fake
GOVERNMENT,Heres the reality behind the viral picture of women holding placard...,fake
TRAD,Leh shuts down to protest against BJP leaderï¿½s remarks on call to boycott hill council polls,real
ELECTION,"BJPs Haryana poll preparations in high gear, broken Congress twiddles its thumbs",real
MISLEADING,"ÒAmit Shah never flies in chartered planesÓ. Oh really, Financial Express?",fake
VIOLENCE,Photo of Russian army revived as Indian army men at Siachen,fake
MISLEADING,Fact Check: Is Maharashtra Govt Official Crying Over COVID-19 Situation In The State?. Fact Check: Is Maharashtra Govt Official Crying Over COVID-19...,fake
ELECTION,"Historically, 75% candidates lose badly in every Lok Sabha election but contest anyway",real
VIOLENCE,Rajeev Chandrasekhar Deletes Misleading Video After Twitter Users Call ...,fake
GOVERNMENT,"Government ÔpreponesÕ meeting with agitating farmers for today, assures Ôno conditionsÕ imposed",real
VIOLENCE,"Noida varsity makes self-sanitising gloves, devices that alert user on social distancing breach",real
POLITICS,"No, this building is not a local office of the Indian National Congress party",fake
POLITICS,Fact Check: Old Video Of RSS March In Hyderabad Resurfaces With...,fake
POLITICS,Woman gave birth to 11 baby boys in one delivery? Heres...,fake
COVID-19,"No, this isnât a new âsmartâ passport to be launched in India",fake
VIOLENCE,"No date or CCTV footage, Priya Ramani hasnt proved we met at hotel  MJ Akbar tells court",real
COVID-19,Fake: MHA has not ordered arrest of firm owner if employee tests positive for coronavirus,fake
COVID-19,CM Kejriwal opposes L-GÕs order of 5-day institutional quarantine for COVID-19 patients in Delhi,real
MISLEADING,Did Bollywood actor Aamir Khan meet LeT terrorists? Heres the Fact...,fake
POLITICS,"No, this is not a photo of a missing Indian student with Islamic State group fighters in Syria",fake
VIOLENCE,Chinmayanand case: SIT finds law studentÕs purse from drain,real
VIOLENCE,"The truth behind the coronavirus scare at Electronic City, Bengaluru",fake
VIOLENCE,Guatemalan mob lynching video passed off as one of Marwadi woman being burnt alive by a Muslim mob,fake
COVID-19,"No, this video does not show an Indian millionaire celebrating Narenda Modi's re-election by giving away $100,000",fake
COVID-19,Cocaine is not a cure for COVID-19!,fake
VIOLENCE,Delhi Police Officer As RSS Worker And Other News You Almost Believed,fake
POLITICS,This is no fringe. TV channelsâ attempt at camouflage,fake
VIOLENCE,"Why Claims Of US, Canada GDP Falling More Than India Are Misleading",fake
TERROR,Media commenting on court cases: Attorney General,real
POLITICS,"Ex-PM Manmohan Singh turns 88, wishes pour in",real
COVID-19,IndiaÛªs Covid-19 cases approaches close to 64-lakh while death toll nears 1-lakh mark,real
MISLEADING,False: Harvard Professor Arrested For Manufacturing Novel Coronavirus,fake
TRAD,Opposition will see strength of ï¿½NDA+ï¿½ during no-confidence vote: BJP,real
ELECTION,Sex scandal has Karnataka BJP & Congress on edge ahead of bypolls,real
GOVERNMENT,Alok Verma did not say that Modi is the Ômost corrupt...,fake
GOVERNMENT,LAC row: 8th round of Corps Commander talks likely this week,real
MISLEADING,"Fact Check: No, Rishi Kapoorâs video was not shot a day before his death",fake
ELECTION,"Indian Army boosted countrys morale during LAC standoff, says Rajnath Singh",real
VIOLENCE,"Fact Check: Video showing Pak, Chinese soldiers dancing after martyrdom of 20 Indian soldiers is old one",fake
POLITICS,"To stop water to Pakistan, Modi tells Indians to buy plastic tanks",real
VIOLENCE,This man is not suffering from a heart ailment; hereÕs the...,fake
POLITICS,"Fact Check: Did US VP-elect Kamala Harris start her term with....Fact Check: No, Deepika did not appear before NCB in a t-shirt with pro-farmer message",fake
GOVERNMENT,PDP to hold sacred AoA recitation for 40 days for Muftiâs eternal peace,real
VIOLENCE,"No, this video does not show members of an Indian Hindu nationalist group torturing Muslim women.No, this video does not show workers from Indias ruling party attacking a Muslim",fake
GOVERNMENT,Fact Checked: DonÕt believe this picture of Kapil Sibal; itÕs photoshopped,fake
COVID-19,Anant Singh to Sanjiv Chaurasia ? How musclemen with criminal records are faring in Bihar,fake
MISLEADING,The Ministry of Tourism has NOT issued any order of closing down restaurants till October.Delhi Government Announces Subsidy On Boats,fake
COVID-19,Fact Check: China is NOT sending clothes of dead Coronavirus patients...,fake
MISLEADING,"Did this photographer cry after Dhoniâs run out? No, old image of Iraqi photographer viral",fake
VIOLENCE,Old video from Rajasthan shared as Muslims chanting slogans of Islamic supremacy amid Delhi polls,fake
MISLEADING,Fact Check: Was this woman beaten up on the pretext of...,fake
GOVERNMENT,Old video of ex-defence ministerâs wife performing puja on INS Vikrant shared as âbaptismâ,fake
GOVERNMENT,"Home Minister meets CMs of Naxal hit states, reviews security",real
VIOLENCE,Fact Check: Image of injured Syrian child passed off as victim of Delhi violence.Fact Check: Old image of injured mother and child from Gaza passed off as brutality in Kashmir,fake
ELECTION,Sachin Pilot camp releases video of Rajasthan MLAs supporting him; Congress invites for meeting,real
ELECTION,"Former PDP, NC leaders launch Apni Party in Jammu and Kashmir, BJP welcomes move",real
GOVERNMENT,PM Modi says govt continuously trying to resolve farmers issues through talks,real
VIOLENCE,"UP govt opposes bail for journalist Kappan in top court, points to ÔSIMI linksÕ",real
GOVERNMENT,DonÕt believe this FAKE picture of PM Modi,fake
POLITICS,2015 Republic Day Indo-Pak Gesture Viral As Recent,fake
ELECTION,TDP leader Chintamaneni arrested amidst high drama politics,real
TERROR,ÔTukde-tukde gangÕ turning farmersÕ protest into Shaheen Bagh: BJPÕs Manoj Tiwari,real
VIOLENCE,Kannada film actress Ragini Dwivedi arrested in Sandalwood drug scandal,real
ELECTION,"Rahul Û÷obsessedÛª with BJP, leaders who wrote letter Û÷moreÛª committed than him to Congress: BJP leaders",real
COVID-19,Punjab CM writes to Centre requesting COVID-19 testing capacity enhancement,real
POLITICS,"Airlines must allot seats, try to keep middle space vacant: DGCA after SCs common sense rap",real
GOVERNMENT,This poster against PM Modi was not used in AMU; heres...,fake
ELECTION,"JD(U) divided: Prashant Kishor, Pavan Varma speak out against support to citizenship bill",real
GOVERNMENT,Punjab CM writes to Nadda over suspension of goods trains,real
GOVERNMENT,DonÕt believe this FAKE picture of Deepika Padukone being injured,fake
TERROR,ED attaches MallyaÕs France property worth Rs 14 crore under PMLA,real
ELECTION,Fact Check: Iconic Mughal Gardens renamed as Rajendra Prasad Garden? Heres...,fake
ELECTION,"Rahul Gandhi attacks govt on state of economy, unemployment",real
COVID-19,"Centre contemplating sending high-level teams to states, UTs reporting rise in Covid cases",real
COVID-19,Explainer: The US Presidential Debates ? History & Format,fake
VIOLENCE,Old picture of AR RahmanÕs daughter shared with misleading claims,fake
ELECTION,BJP MLA who Ôgot callÕ from Lalu Prasad lodges FIR,real
GOVERNMENT,ItÕs not Tukaram Omble in viral 26/11 image but actor who played him in film,fake
COVID-19,"PM congratulates ISRO, space industry for successful launch of PSLV-C49",real
MISLEADING,Fact Check: Viral UNICEF Advisory On Coronavirus Is Fake.Fact Check: This viral advisory on coronavirus has not been issued by the health ministry,fake
ELECTION,"Some BJP MLAs camp in Delhi, seek removal of Tripura CM",real
COVID-19,Coronavirus outbreak | 34 cases in India as 3 more test positive; PM Modi holds review meet,real
MISLEADING,Chhatrapati Shivaji Maharaj On $100 Bill?.Fact Check: Bhajan kirtans part of Ram Navami processions in Srinagar since 2007,fake
TRAD,"Anand Mahindra, Rathin Roy join chorus against Pragya Thakurï¿½s ï¿½Godse is a patriotï¿½ remark",real
VIOLENCE,Sedition case against Vinod Dua: SC reserves order on quashing of FIR,real
POLITICS,"No, this photo does not show an Indian soldier on duty in the desert of Rajasthan..No, this photo does not show Indian soldiers resting next to a tank",fake
MISLEADING,Fact Check: Viral post appealing for Facebook shares for âCovid-19 patientâ is fictitious,fake
ELECTION,"Congress MP Adhir Ranjan Chowdhurys office vandalised by 4 unidentified men, staff abused",real
VIOLENCE,Fact Check: Old Video Of People Meeting Rajnath Singh Shared With Claim Of Them Demanding Repeal Of...,fake
POLITICS,Donï¿½t believe this picture of a JNU student with a FAKE...,fake
GOVERNMENT,10 central trade unions to support nation-wide farmers protest on Friday,real
COVID-19,Fact Check: Old video of PM Modi offering sweets to soldiers...,fake
POLITICS,"No, the Reserve Bank of India Governor has not publicly blamed Prime Minister Narendra Modi for his recent resignation.Fake News Claims Raghuram Rajan Appointed Governor Of Bank Of England",fake
VIOLENCE,Centre sends 10 more NDRF teams to West Bengal,real
VIOLENCE,More than half of Mumbai's slum residents might have had Covid-19. Here's why herd immunity could still be a long way off,real
POLITICS,BJP sends Mamata Banerjee a message with Nadda launching Bengal poll campaign on her turf,fake
COVID-19,COVID-19 | Top 10 Global Developments This Wednesday Morning,real
VIOLENCE,Forced to perform last rites: Rape victimÕs kin,real
VIOLENCE,Old video viral as âcommunistsâ in Kerala attack pro-CAA rally by BJP-RSS,fake
ELECTION,"Co-WIN isnt fashion but a necessity, says RS Sharma, ex-TRAI chief in charge of vaccine app",real
POLITICS,Fact Check: Did Hindu Terrorists attack Muslims with bow and arrows in Bihars Kishanganj?.Fact Check: Pakistan minister tries to pass off lathicharge on Ram Rahim supporters as atrocities in Kashmir,fake
COVID-19,Fact Check: Kerala didnt bring in new law saying temples can be controlled by non-Hindus,fake
VIOLENCE,Old video of PM ModiÕs mock funeral staged in Tamil Nadu shared as Haryana,fake
COVID-19,3 civilians killed in shelling by Pakistani troops in J-KÕs Kupwara district,real
COVID-19,"COVID-19: 4 new deaths, 43 fresh infections in UP, tally nears 4,000",real
GOVERNMENT,Dont believe this FAKE picture of Delhi CM Arvind Kejriwal,fake
COVID-19,Navreh or Nauroz? Was Priyanka Gandhi wrongly trolled for her new year greeting?,fake
GOVERNMENT,"BJP govt should immediately withdraw ï¿½anti-peopleï¿½ farm laws or step down, says Mamata",real
VIOLENCE,Did a BJP worker get attacked with a mortar in his chest at West-Bengal? Fact Check!,fake
VIOLENCE,19-year-old son of Mumbai hotelier dies after his speeding car rams into stationary bus,real
COVID-19,2 BSF personnel die of COVID-19; 41 news cases reported,real
GOVERNMENT,This woman and kid with PM Modi are NOT IAF pilot....Bengaluru's Modi Masjid Named After PM Modi And Other News You Almost...,fake
MISLEADING,Fact Check: Fake 'TIME...to go' Cover Featuring Donald Trump Goes Viral,fake
GOVERNMENT,Gang of teens robbing delivery boys after placing fake online orders arrested,fake
VIOLENCE,"Punjabs high Covid-19 death rate triggers political mudslinging, Badal alleges negligence",real
POLITICS,Fact Check: Did Air Commodore Hilal Ahmed Pilot Rafale To India?.Fact Check: Did PM Modi send his chopper to ferry Dera chief Ram Rahim?,fake
ELECTION,"Microsoft introduces Hindi, Indian English to Neural Text-to-Speech service",real
ELECTION,Congress leader Digivijay Singh appeals to farm law-protesters to join chakka jam,real
COVID-19,Fact Check: Is Mukesh Ambani Donating Rs 500 Crore For Construction Of Ram temple In Ayodhya?. Fact Check: Is Mukesh Ambani Donating Rs 500 Crore For Construction Of ...,fake
GOVERNMENT,2018âs top 10 fake news: From âPak zindabadâ to post claiming Congress most âcorrupt partyâ,fake
VIOLENCE,Did Owaisi write to the UN saying Muslims are not safe...,fake
POLITICS,"BJP will scale new heights under JP Naddas presidency, says PM Modi",real
MISLEADING,Fact Check: Fake news about DCPs death in Delhi violence goes viral,fake
TERROR,Rajya Sabha approves amendments to insolvency & bankruptcy code,real
ELECTION,"After 50 years in politics, Sharad Pawar hangs up his boots  for now",real
GOVERNMENT,"No, this is not a photo of Kangana Ranaut with Abu SalemÕs brother",fake
VIOLENCE,FIR against PNB ex-official for graft,real
GOVERNMENT,FarmersÕ protest: Support pours in from foreign shores,real
POLITICS,PeopleÛªs President Pranab Mukherjee is no more,real
POLITICS,"No, this photo does not show an Indian politician getting a university degree",fake
POLITICS,India kick starts two-day naval drill with Russia in eastern Indian Ocean,real
VIOLENCE,"Those doubting Bharat Biotechs efficacy mentally challenged, says Union minister Pradhan",real
ELECTION,ï¿½Nothing to do with Jinnah ideologyï¿½ ï¿½ Congress defends its Bihar candidate Maskoor Usmaniï¿½,real
VIOLENCE,Fact Check: Old Video From 2008 Shared As Israeli Forces Firing...,fake
VIOLENCE,"YSR Congress leader Vivekananda Reddy found dead, family demands probe",real
COVID-19,"Second Covid wave could hit Karnataka in January, experts warn",real
POLITICS,Modi Exposes Worrying Data On Bengal Schools,fake
GOVERNMENT,Tiger kills 21-year-old tribal man in Telangana,real
COVID-19,Are COVID-19 patients? dead bodies being disposed off in the Ganges....Are Covid-19 dead bodies being thrown into the Ganga?,fake
GOVERNMENT,HC permits minor rape victim to terminate 25-week pregnancy,real
VIOLENCE,A father tracked down and tortured his daughterÕs rapist? HereÕs the...,fake
COVID-19,Army commanders to meet again over LAC,real
GOVERNMENT,Electricity employees and engineers protest against amendment bill,real
COVID-19,"75% of Modi govts new fertiliser subsidy grant of Rs 65,000 cr will only clear past dues",real
ELECTION,Rajasthan imbroglio: BJP plays Û÷wait and watchÛª in what appears to be a Û÷win-win situation' either way,real
ELECTION,FIR against Union Minister Shekhawat in Rajasthan audio clip case,real
VIOLENCE,Video Of Drunken Brawl At A Racecourse Being Shared As A Fight At The...,fake
COVID-19,Is the claim about the green strip position on a Rs 500 currency note true? Fact Check!. Fact Check: Whether Price Hike Rollback Of JNU Is Indeed A Major One?,fake
POLITICS,"Mehbooba re-elected PDP chief, stresses on dialogue, reconciliation",real
POLITICS,Fact Check: Who's this man putting his foot on a Hindu idol?,fake
COVID-19,"Fact Check: No, US President Donald Trump is not being treated for coronavirus.Fact Check: No, Brazilian President Jair Bolsonaro Has Not Tested Positive For Coronavirus",fake
ELECTION,"Ashok Tanwar resigns from Congress, says cant blame rivals for crisis in party",real
ELECTION,"Opposition parties stand with Congress, demand a return to ballot paper at EC meet",real
GOVERNMENT,PM Modi is NOT with Anna Hazare but late RSS leader Lakshmanrao Inamdar in this photo,fake
POLITICS,Postage stamp on GujralÕs 101st birth anniversary,real
COVID-19,India prepared for worst possible scenario: Health minister Harsh Vardhan on Coronavirus crisis,real
TERROR,"India & China in close communication to ensure complete disengagement along LAC, says MEA",real
VIOLENCE,Fact Check: Old Photos Revived To Claim Police Brutality During Recent Protests Against Unemployment ...,fake
POLITICS,"Piyush Goyal gets additional charge of Ministry of Consumer Affairs, Food and Public Distribution",real
MISLEADING,Disaster Management Act Does Not Restrict News Reports On COVID-19,fake
GOVERNMENT,UP govt allows sale of high-end liquor brands in shopping malls,real
ELECTION,Don't put off planning for a relative's medical crisis,real
COVID-19,Truth about âstingâ claiming Shaheen Bagh women were paid Rs 500: Alt News-Newslaundry joint investigation,fake
VIOLENCE,"MP farmer hangs self, kin cite debt, cops begin probe",real
MISLEADING,Fact Check: Do these 5 videos prove that BJP manipulated EVMs to win more than 300 seatsâ¦?,fake
ELECTION,"Kamal Naths ready to rest remark sets off retirement rumour, BJP says high time he retires",real
ELECTION,Maharashtra BJP opposing MVA govtÕs every move for sake of it: Sena MP Raut,real
VIOLENCE,"Baijayant ï¿½Jayï¿½ Panda, who quit BJD amid anti-party allegations, joins BJP",real
TRAD,Fact Check: Sushant's death gets a Dawood link on social mediaï¿½,fake
MISLEADING,Shiva idol in Maharashtra vandalised by Muslims? Initial probe says damage by lightning strike,fake
VIOLENCE,Fake: Old image of India-China soldiers being passed of as clashes in Ladakh,fake
VIOLENCE,CAA Clash: Fresh Violence Breaks Out In Delhi; More Police Deployed,real
COVID-19,Fact Check: This viral video of mass graves is not from Italy but from a TV series. Fact Check: Still from TV series goes viral as docs dying of coronavirus in Italy,fake
COVID-19,"No lockdown plan in Delhi, may impose restrictions in marketplaces to prevent COVID-19 spread: Sisodia",real
GOVERNMENT,Fact-check: Did Supreme Court change its motto to ?Yato Dharmastato Jai? from ?Satyamev Jayate? ?,fake
COVID-19,Fact Check: Ballet performance by Chinese couple goes viral with wrong claim,fake
ELECTION,"Battling defections in MP, Congress makes troubleshooter DK Shivakumar its Karnataka chief",real
MISLEADING,Fake: These guidelines on COVID-19 protocols are not issued by the ICMR,fake
GOVERNMENT,Did Mandsaur school students chant slogans of Pakistan Zindabad while leaving the school? Here is the truth..Did BJP leader Sasikala enter Sabarimala temple at the age of 49? Heres the truth,fake
ELECTION,RSS in Modi govt in numbers  3 of 4 ministers are rooted in the Sangh,real
GOVERNMENT,Fact Check: Did CM Kejriwal Offer Namaz At Jama Masjid On.... Did PM Modi applaud Sambit Patra when he said ?Mandir wahin...,fake
COVID-19,Applying for emergency use of AstraZeneca Covid-19 vaccine in two weeks: Serum Institute of India,real
GOVERNMENT,Fake Indian birth certificates in documents seized in S Africa,fake
VIOLENCE,Case Of Mistaken Identity: Unrelated Video Shared As Doctor Giving Medical Advice Amid COVID-19...,fake
MISLEADING,Fact Check: Are Delhi Public Schools Selling Face Masks At Rs 400 Per...,fake
GOVERNMENT,Anmol Narang becomes first observant Sikh to graduate from US Military Academy,real
MISLEADING,Two-year-old Times Now clip with fake ISIS Ôrate cardÕ for non-muslim girls resurfaces,fake
TRAD,"Increased work, domestic abuse ï¿½ how Covid lockdown was especially hard on women in India",real
VIOLENCE,"UP traderÛªs grandson rescued, abductors held after encounter",real
VIOLENCE,"No, this video does not show workers from Indiaâs ruling party attacking a Muslim",fake
ELECTION,Sena doesnÕt need certificate on Hindutva from any party: Raut,real
COVID-19,Indias active COVID caseload drops to 2% of total cases,real
MISLEADING,Fact Check: Truth behind this viral picture depicting farm distress,fake
COVID-19,"Delhi records 310 fresh coronavirus cases; tally now 7,233",real
POLITICS,"Amid Go Back Modi slogans, PM arrives in Kolkata, meets Mamata at Raj Bhavan",real
VIOLENCE,NCLT Rejects Essar Power Jharkhand Ex-Promoters' Bid To Clear Dues,real
VIOLENCE,Fact Check: Picture of Shiv Ling from Rajasthan being shared as...,fake
VIOLENCE,Unnao rape case: Accused moves apex court seeking extension of trail,real
COVID-19,Fact Check: Republican Congressman targets Obama on Iran with morphed image.Fact Check: Unmasking misleading claims around Kamala's US presidential poll campaign,fake
VIOLENCE,Fact Check: Video Of Muslims Offering Namaz Shared With False Claim,fake
POLITICS,Image Of Eid Prayers At Delhi's Feroz Shah Kotla Passed Off As Last...,fake
COVID-19,"No, Modi govt is NOT giving free laptops after re-election",fake
ELECTION,No decision yet on holding Parliament session: Parliamentary Affairs Minister Pralhad Joshi,real
COVID-19,Kerala government declares Coronavirus state calamity after 3 people test positive,real
COVID-19,JNU-Fee Hike Row: Morphed Image Of Shehla Rashid Revived,fake
TRAD,"Farm protests ï¿½sacredï¿½ but andolan jeevis have defiled movement, says Modi in Parliament",real
MISLEADING,"Fact Check: No, '9969777888' Is Not Bengaluru & Telangana Police Women .... Fact Check: No, '9969777888' Is Not Bengaluru & Telangana Police Women Helpline Number",fake
ELECTION,Congress accuses Modi govt of using its agencies after ED says Michel mentioned Mrs Gandhi,real
POLITICS,Sr pilot employed in Air India for three years suspended for fake certificates,fake
GOVERNMENT,Sambit Patra shares fake video of ex-Congress MLA & asks followers to fact-check it,fake
MISLEADING,Did Facebook launch a new balloon feature for Abhinandan? Fact Check,fake
VIOLENCE,Bengaluru law student graduates with record 18 gold medals,real
VIOLENCE,AAP distributed Ômagic blanketsÕ to differently abled? HereÕs the fact check,fake
POLITICS,Fact Check: Did Rahul Gandhi call Sushant Singh Rajput a cricketer in his condolence tweet?.Kamal Nath tweets Bangladesh?s picture to slam Shivraj Singh led MP...,fake
MISLEADING,Viral photo does not show Bharat Biotechâs VP taking first dose of COVID vaccine âCovaxinâ,fake
TERROR,"COVID-19: CICSE to conduct class 10, 12 compartment exams from Oct 6 to 9",real
TERROR,"Building Ram temple shouldnt be as complicated as Kashmir conflict, Shiv Sena tells BJP",real
MISLEADING,Fake: Viral Social Media Messages Claim RBI To Shut Down 9 Public,fake
MISLEADING,Day 2 In Politics: Photoshopped Image Of Rajinikanth Surfaces,fake
COVID-19,Only 17% of Indiaâs Rural Homes Have Piped Water. Target For 2017 Was 50%,fake
GOVERNMENT,"India Has More Anaemic, Pregnant Women Than Yechury Thinks There Are",fake
TRAD,"BJPï¿½s new heartland dilemma ï¿½ what to do with Singh, Chouhan & Raje",real
ELECTION,Modi speaks to CambodiaÛªs PM Hun Sen,real
VIOLENCE,Pulwama Aftermath: Video From Indonesia Shared With Misleading Context,fake
ELECTION,Govt issues warning to Twitter; conveys strong disapproval over map misrepresentation,real
VIOLENCE,Video from Pakistan shared as Muslim youths robbing couple in Mumbai,fake
ELECTION,"Dynastic politics democracys biggest enemy, burdens country with incompetence  PM Modi",real
ELECTION,How Gupkar alliance cracks have surfaced in small Baramulla hamlet in J&K DDC polls,real
VIOLENCE,Footage of bodies at New York funeral home circulates with misleading claim in India.This footage has circulated in reports about unattended bodies at a hospital in south India in 2013,fake
GOVERNMENT,This poster against PM Modi was not used in AMU; hereÕs...,fake
MISLEADING,Fact Check: Fake letters flood social media in poll-bound MP,fake
MISLEADING,Fact Check: PM Modi's Old Tweet Goes Viral Linking It To To Fadnavis' Resignation.Fact Check: Modi's old tweet about a friend's death goes viral linking it with Maharashtra,fake
GOVERNMENT,?Namak loyalty? of silent voters could keep Nitish Kumar afloat despite massive odds,fake
ELECTION,"ÔHindus imply to 130 crore people in countryÕ, says Mohan Bhagwat",real
GOVERNMENT,"Union Ministers Smriti Irani, Jitendra Singh fall for fake news about TN SeshanÕs death",fake
GOVERNMENT,Fact Check: Fake Quote Claiming 'Muslims Are Terrorists By Ideology' Shared As Salman Rushdie's....Fact Check: Incident Of Honor Killing Falsely Shared As 'Love Jihad'...,fake
COVID-19,No! Banks are NOT charging Rs 150 after 4 transactions on....Fact Check: Old video of PM Modi offering sweets to soldiers...,fake
POLITICS,Fact Check: Home Minister Amit Shah misquoted on the statement saying...,fake
COVID-19,"Biggest 1-day spike of over 62k cases, IndiaÛªs Coronavirus tally crosses 20 lakh-mark; deaths reach 41,585",real
VIOLENCE,SC refuses to entertain plea seeking restrictions on Amarnath Yatra amid COVID-19,real
COVID-19,"Covid-19: Maharashtra releases 7,200 prisoners to curb overcrowding",real
VIOLENCE,"National capital experiences sudden change in weather; dust storms, rain in some areas",real
TERROR,Hindu Sena activists deface Chinese embassy signboard,real
TERROR,"India rejects K-reference by China, Pak",real
POLITICS,Û÷Will never forget their sacrificeÛª: PM Modi pays tribute to those who defended democracy during Emergency,real
VIOLENCE,Our Weak Sex Ratio Helping Sports In Haryana â Government,real
GOVERNMENT,Fact Checked: Priyanka Chaturvedi didnÕt wear ÔNaMo AgainÕ suit,fake
GOVERNMENT,"Morphed ÔHinduÕ newspaper image shows Sri Lankan PM Ranil agreed to Tamil autonomy, Was it true?",fake
VIOLENCE,Video Of Two Groups Of BJP Supporters Fighting Revived With Misleading ...,fake
ELECTION,BJP wins Gangoh bypoll by wafer-thin margin,real
POLITICS,Liberhan panel had indicted BJP top guns for ÔintoleranceÕ,real
VIOLENCE,"UP: Two Dalit sisters killed, bodies dumped in pond in Fatehpur",real
ELECTION,"DMK MP, PMK criticise rail users getting ticket confirmation SMS in Hindi",real
GOVERNMENT,"Baghdadi death has nothing to do with ÔpressureÕ from Modi, viral News18 poster is fake",fake
VIOLENCE,"Two months after arrest, Allahabad HC grants bail to journalist Prashant Kanojia",real
GOVERNMENT,"No, Sikh man injured during farmersâ protest is not Captain PPS Dhillon (Retd.)",fake
VIOLENCE,Arnab shifted to Taloja jail for using mobile phone in custody,real
GOVERNMENT,"DonÕt believe this post attributed to Rajnikant, hereÕs the fact check!",fake
POLITICS,Fact Check: Hindutva Activists Didn't Protest Against Jinnah's...,fake
VIOLENCE,Fact check: Old video of scuffle from West Bengal shared incorrectly...,fake
COVID-19,"AIIMS sanitation chief dies of COVID, never missed a day of duty",real
POLITICS,Ship reappears in the Bermuda Triangle 90 years after being lost?...,fake
GOVERNMENT,Did Aamir Khan meet Turkish Prez after he spoke against India...,fake
VIOLENCE,Set Of Old Images Of Women Drinking Beer Revived With False BJP Link,fake
ELECTION,"Pawar visits Uddhav, sparks rumours of strains in coalition",real
GOVERNMENT,Did people protest against PM Modi in Saudi Arabia? Heres the...,fake
GOVERNMENT,Fake quote ascribed to Sambit Patra on farmersÕ agitation circulates on social media,fake
GOVERNMENT,"Fact Check: No, this picture of Narendra Modi is not with the staff of Prime Minister?s Office. Fact Check: No, PM Modi is not the only Indian prime minister to get standing ovation in US Congress",fake
VIOLENCE,Old photo of Lucknow cop falsely shared as Delhi police brutality,fake
POLITICS,"Citizenship law stir: Foreign tourists anxious, Indians prefer to go abroad",real
POLITICS,Fact Check: Banks to seek religious details for KYC? Finance Ministry...,fake
COVID-19,"At 1.5%, fatality rate lowest since March 22",real
POLITICS,This advertisement by Delhi Govt about providing aid to only Muslims...,fake
POLITICS,Almost Half Of Pregnancies In India Were Mistimed Or Unwanted,fake
POLITICS,"PM Modi modifies Shastris Jai Jawan, Jai Kisan slogan to include Jai Anusandhan",real
TERROR,"Four killed as building collapses in DelhiÕs Bhajanpura area, rescue work underway",real
MISLEADING,"No, this picture of wall full of air conditioners is not...",fake
POLITICS,Judges are seen as soft targetsÛ? victims of juicy gossip: Justice Ramana,real
TRAD,"Nitish Kumar condemns Pragya Thakurï¿½s Godse remark, says BJP must consider expelling her",real
TRAD,JNU student leader Umar Khalid escapes unhurt after heï¿½s shot at,real
VIOLENCE,Viral video of solar panel vandalisation resurfaces accusing Congress party workers,fake
ELECTION,ÔAam Aadmi Party is now a Khas Aadmi PartyÕ: Alka Lamba resigns from AAP,real
ELECTION,Opposition parties boycott Lok Sabha in solidarity with suspended RS MPs,real
VIOLENCE,Old photo of 2018 UP murder victim shared as Badaun rape victim,fake
POLITICS,"No, these photos do not show workers from the All India Trinamool Congress demolishing a statue of a scholar in Kolkata in 2019.No, these photos do not show attacks on Hindus by Muslims in the Indian state of West Bengal in 2019",fake
VIOLENCE,Amitabh Bachchan Visits Haji Ali After Recovering From COVID-19?Not....Video Of Lathi-charge On Hindu Jagran Manch Resurfaces As Attack On...,fake
GOVERNMENT,No! Mamata Banerjees picture wasnt clicked after Bangladeshs defeat in CWC19,fake
POLITICS,Tayla Harris: 'I would be happy to go through it all again but I'd rather not',real
GOVERNMENT,Internet services suspended in 21 districts of UP as cops brace for fresh anti-CAA protests,real
VIOLENCE,Gory Staged Video Being Shared As Rohingya Slaughtering Hindus,fake
VIOLENCE,Fact Checked: The video of Diwali fire accident in Khammam is...,fake
POLITICS,"Distorted narrative, wont be pressured: Govt officials on Jaishankars cancelled US meet",real
COVID-19,"COVID-19: Maharashtra records highest one-day count of 14,492 cases",real
POLITICS,"No, this photo does not show an Indian political activist making a speech in front of a map showing Indian states redrawn as part of Pakistan",fake
VIOLENCE,Fact Check: Dont Fall For Fake Posts Stating Speaker Om Birlas...,fake
COVID-19,"This TV anchor never made this comment, here is the fact...",fake
TRAD,Fact Checked: This picture wasnï¿½t taken after Sri Lankaï¿½s Easter bombing,fake
GOVERNMENT,"Massive protest erupts near Jamia after man opens fire, police barricades to block march to Rajghat",real
ELECTION,"Bihar assembly elections: Opposition members Kushwaha, Sahani meet at ManjhiÛªs residence",real
ELECTION,"BJP trying to dismantle state govts led by opposition parties, says Rajasthan CM Ashok Gehlot",real
TRAD,Did Christians in the US pray on the streets because of...,fake
TERROR,"As SC Hearing On Section 377 Begins, Centre Yet To Make Its Views Known",real
COVID-19,"Indias COVID-19 tally crosses 7.9 lakh, death toll at 21,604; WHO warns virus accelerating",real
ELECTION,Union minister feels Telangana lagging in Covid testing,real
MISLEADING,Did UP govt issue order restricting samaritans from helping migrants workers?,fake
VIOLENCE,This picture of an elephant and a falling bus is not...,fake
COVID-19,Two terrorists killed by security forces in overnight operation at J-KÕs Shopian district,real
POLITICS,"PM Modi expresses shock over Beirut explosions that killed 73, wounded thousands",real
TERROR,SC allows second round of NEET exam,real
COVID-19,"IndiaÛªs COVID-19 tally crosses 1-lakh mark; death toll past 3,000",real
VIOLENCE,Activist Surat Singh's 2015 Photo Linked To Farmers' Protest,fake
GOVERNMENT,"After skipping pollution control meeting,ÕmissingÕ posters of Gautam Gambhir in Delhi",real
ELECTION,"Worried about untenable situation, BJP gets minister MJ Akbar to quit",real
VIOLENCE,Delhi HC notice to Bar Council as cops take to streets over assault; LG reviews situation,real
COVID-19,Deepika Padukone Spotted Buying Alcohol During The Lockdown? Not Quite.Deepika Padukone standing in line to buy liquor as wine shops open on May 1? Fact Check,fake
VIOLENCE,Two-Year Old Video From UP Revived With False Lockdown Claim,fake
TERROR,"ÔHistoricÕ All India General Strike majorly successful: claim CPIM, Congress in Kolkata",real
VIOLENCE,FAKE Alert: Old video from Dhaka shared as India during 9...,fake
VIOLENCE,Video of rioting in Gujarat viral as clashes in Rajasthan after Congressâs victory,fake
GOVERNMENT,"Anti-CAA protests: Bhim Army chief in police custody, minors among 40 detained in Delhi",real
GOVERNMENT,"Helicopters, drones to control locusts",real
GOVERNMENT,Did Indian Muslim family watch Pak PMÕs UN speech? HereÕs the...,fake
GOVERNMENT,"Over 8,000 health workers to be vaccinated each day in Delhi from 16 Jan, says CM Kejriwal",real
VIOLENCE,2017 Video Of Punjab CM Amarinder Singh-Mukesh Ambani Meeting Revived,fake
ELECTION,Itï¿½s my fault: Read full text of Rahul Gandhiï¿½s letter after resignation,real
VIOLENCE,Fact Check: Claim that installation of Ganesh idol led to Hindu-Muslim fight is FALSE.,fake
MISLEADING,There will be no âBabri Hospitalâ on Sunni Waqf Board land & Kafeel Khan wonât be director,fake
POLITICS,Letter To BS: Modi Has Capacity To Bring All Sections Of Society Together,real
MISLEADING,No! Delhis leading school did not release security advisory post strikes,fake
MISLEADING,Fake tweet: Sitaram Yechury referring to Chinese President Xi Jinping as his ÒbossÓ,fake
TERROR,Delhi airport opens exclusive terminal for private jets,real
GOVERNMENT,A teacher in English department at Ramjas College narrates the story of ABVPâs terror,fake
ELECTION,Rajya Sabha passes bill to punish those attacking healthcare workers,real
GOVERNMENT,â99% Muslims are terrorists by thoughtâ: Fake quote ascribed to Salman Rushdie,fake
POLITICS,Ram Nath Kovind v/s Meira Kumar: Media bias in TV coverage of the two candidates,fake
ELECTION,"My comments were twisted, BJP supports all demands of Ladakh ï¿½ J&K leader Ashok Koulï¿½s U-turn",real
VIOLENCE,Fact check: False coronavirus quote attributed to US President Donald Trump,fake
VIOLENCE,"Three channels including Republic TV manipulated TRP ratings, two arrested: Mumbai Police",real
VIOLENCE,"Deepika Padukone visits violence affected JNU, expresses solidarity with victim students",real
COVID-19,"Fact Check: No, 10,000 Sim Cards Were Not Purchased By Muslim Man To Create Communal Unrest",fake
ELECTION,How Kejriwals AAP moved from politics of change to counting on religion to win voters,real
COVID-19,Fact Check: Is Sonia Gandhi Among The World's Richest Politicians?,fake
GOVERNMENT,Farmer protest mirrors 1907 Pagdi Sambhal Jatta movement  Bhagat Singhs nephew at Singhu,real
GOVERNMENT,CongressÕs video on PM ModiÕs relationship with China includes old photo with Japanese PM Shinzo Abe,fake
ELECTION,BJPs social engineering on display as Nitish takes oath as Bihar CM with new NDA colleagues,real
POLITICS,"IMD reviews preparedness, says will release impact-based cyclone warnings this season",real
ELECTION,"Punjabï¿½s protesting farmers playing into Modi govtï¿½s hands, says state Congress chief",real
POLITICS,Fact Check: This is not an RSS man held for waving Pakistani flag in burqa?,fake
COVID-19,Rahul Gandhi Wrong On Tamil Nadu Unemployment Claims,fake
MISLEADING,Conspiracy theory about Ankit SaxenaÕs murder circulates on social media,fake
TRAD,Sharad Pawar calls nephew Ajit Pawarï¿½s move to support BJP as ï¿½against party linesï¿½,real
COVID-19,Fact Check: The complete truth behind the photo that embarrassed UP Police,fake
GOVERNMENT,"As JEE exams begin today, Union Education Minister extends Û÷best wishesÛª to students",real
VIOLENCE,ÔMuhammad Ali Jinnah MargÕ poster appears on ÔVD Savarkar MargÕ signage board in JNU campus,real
VIOLENCE,Video From Bangladesh Showing A Woman Being Harassed Shared As India,fake
VIOLENCE,Fact Check: Old video Of A Man Vandalising Hindi Signboard Shared...,fake
POLITICS,BJP strategy to fight Rafale accusations  talk extensively about CAG report & SC order,real
TERROR,Û÷Last chance to come up with planÛª: SC gives two weeks to Centre in loan moratorium case,real
COVID-19,"Demonetisation is temporary, cosmetic, says Global Financial Integrity",fake
ELECTION,"Ahead of bypolls, CBI searches premises of Karnataka Cong chief DK Shivakumar",real
VIOLENCE,Were Pakistan Flags Spotted In Jalandhar? A FactCheck,fake
ELECTION,"BJPs RK Sinha may get Patna Saheb in Bihar, but other party MPs feel gloomy",real
VIOLENCE,FALSE: Pak minister tweets an old video claiming Kashmiris protesting against....Pakistani Defence Analyst Tweets Hyderabad Murder Video With Communal...,fake
POLITICS,"India, Bangladesh inaugurate 3 bilateral projects, ink 7 pacts after Modi-Hasina talks",real
COVID-19,Home Minister Amit Shah tested positive for COVID-19? HereÕs the truth,fake
COVID-19,IndiaÛªs Covid tally crosses 54-lakh mark; recovery of cases surmounts report of new cases,real
COVID-19,Fact Check: Photos Taken In 2016 Of Toxic Yamuna On The Occasion Of Chhath Puja Are Shared As New,fake
COVID-19,Old video of dead immigrants on Libyan beach shared as COVID-19 infected dead bodies thrown into the sea,fake
COVID-19,News24 shares old broadcast of namaz at Jama Masjid multiple times to portray mass gathering,fake
ELECTION,"Leadership must own up to defeat and failures, says union minister Nitin Gadkari",real
ELECTION,This is what Rahul Gandhi seems to be obsessed with,real
MISLEADING,Fact Check: The truth behind the viral picture of protest by...,fake
TRAD,"Fact Check: No, Pop Queen Madonna has not passed away; Hereï¿½s...",fake
VIOLENCE,Photo Of Kerala Cop Circulated As CPM Member Assaulting Sabarimala...,fake
COVID-19,"Jaishankar, Motegi agree to cooperate in Critical Information Infrastructure, 5G, IoT, AI",real
POLITICS,"Yogi Adityanath decides to name Mughal museum after Shivaji, says ÔHow Mughals can be our heroesÕ",real
COVID-19,"Riskier Loans, Less Than Rs 50,000, Nearly Half Of PMÕs Loan Scheme",fake
ELECTION,Yashvardhan Kumar Sinha takes oath as Chief Information Commissioner,real
POLITICS,Mumbai-bound Air Asia flight suffers bird-hit at Ranchi airport; aborts take-off,real
ELECTION,"5 yrs after IAS officerÛªs death, Cong springs a surprise, fields wife in Karnataka bypoll",real
COVID-19,"Fact Check: No, PM Modi has not announced another Covid-19 lockdown. PM Modi has not announced any internet ban due to COVID-19 misinformation",fake
POLITICS,Fact Check: Was Mahua Moitra Speech Plagiarised As Zee News Editor-In-Chief Claims?,fake
MISLEADING,Fact Check: BJPâs claim about Telangana Congress manifesto is misleading,fake
VIOLENCE,Watch biker Adrian Guggemos turn an automobile museum into a stunt park,real
MISLEADING,Fact Check: Video Of Jog Falls In Karnataka Shared As Bhedaghat Waterfalls Of Madhya Pradesh,fake
GOVERNMENT,New unlock guidelines: States free to decide on school reopening after Oct 15,real
GOVERNMENT,8 super-clean beaches get intÕl Blue Flag tag,real
GOVERNMENT,Finish construction of smog towers in 10 months: SC,real
VIOLENCE,"Accused of rape again, BJPs UP strongman Chinmayanand always had a loose reputation",real
TRAD,"Delhi officer missing since a week, family seeks help on social media, says govt hasnï¿½t helped",real
VIOLENCE,Kapil Sibal didnt say that Pakistan is helping BJP by returning...,fake
TERROR,Withdraw troops from border to avoid escalation: China to India,real
GOVERNMENT,Fact Check: Is this video of PM Modiâs Mother dancing Garba?,fake
POLITICS,Parliamentary panel on IT summons Facebook on September 2,real
GOVERNMENT,"Repaint govt, panchayat buildings to original colour, YSRCP flag colours canÛªt be used: SC to Andhra govt",real
MISLEADING,Fact-check: Namaz offering displayed on UP tableau during SPâs rule in the state?,fake
ELECTION,"Jammu & Kashmir needs fresh polls, says BJP slamming PDP-Congress-NC alliance",real
POLITICS,Bombay High Court orders lower court to re-hear ED's plea for further custody of Amit Chandole,fake
MISLEADING,"Fact Check : No, Reliance Jio is not offering any SMS posting job for you",fake
COVID-19,A quarrel that took place between policemen in 2016 is being spread on social media as a scuffle over division of shares from the collection of current traffic challans.,fake
POLITICS,This video shows US congresswoman Tulsi Gabbard speaking at a Hindu festival,fake
VIOLENCE,Dont believe this FAKE picture of Satyajit Ray with Aston Martin;...,fake
COVID-19,"Amid shortage of surgical masks, tailors in Gujarat make and distribute masks for free",real
MISLEADING,Fact Check: Normal Train Services To Resume From April 1st? Heres...,fake
MISLEADING,Fact Check: Those WhatsApp texts saying you will see two moons tonight are a hoax,fake
TERROR,Ram temple trust chief put on oxygen support: Hospital,real
GOVERNMENT,"No, this image does not show a South African government official playing solitaire on her computer while clients wait.No, this photo does not show an Indian stock exchange telling people to vote against PM Modi",fake
POLITICS,Fact Check: Claim That TN High Court Changed Its Motto From Tamil To Hindi Is False.,fake
POLITICS,Dont believe this FAKE message of children being kidnapped in Ghaziabad,fake
MISLEADING,Fact Check: Did Protesters Storm The White House Against George Floyd's Death?,fake
POLITICS,NO! Madhuri Dixit has not joined BJP; hereÕs the fact check,fake
MISLEADING,NewsMobile Fact Checker Brief.NewsMobile Fact Checker Wrap,fake
VIOLENCE,Is this a rare video of Swami VivekanandaÕs speech in America?...,fake
MISLEADING,AAP distributed magic blankets to differently abled? Heres the fact check,fake
TERROR,"Uttarakhand: Uptick in untimely forest fires, fewer blazes during regular season",real
GOVERNMENT,ÒAloo sona machineÓ: Previously debunked misinformation revived by ANI,fake
COVID-19,"Nine more COVID-19 fatalities, 127 new patients reported in Rajasthan",real
COVID-19,Heres the truth behind Piyush Goyals maths didnt help Einstein discover...,fake
COVID-19,Fact Check: Viral Photos Shared With False Claim That Queen Radhika Raje Of Baroda Has Become A Jain ...,fake
MISLEADING,"Viral WhatsApp Message On Corona Guidelines Has Got Nothing To Do With ICMR.Fact Check: No, ICMR hasnt prescribed this drug to prevent Covid-19",fake
VIOLENCE,Video Of Migrant Shipwreck Off Libyan Coast Revived With Coronavirus...,fake
POLITICS,"Fitch revises India GDP forecast, sees contraction at 9.4 pc",real
POLITICS,PM assured rights of tribals will be protected: Hemant Soren after meeting PM Modi,real
VIOLENCE,Mock Drill At Ahmednagar Bus Stand Falsely Shared As Terror Attack In...,fake
MISLEADING,Fact Check: Truth behind young girlâs âdeath stareâ at policeman,fake
ELECTION,"One year on as interim, Sonia to remain Congress chief",real
COVID-19,"As cases drop, experts say spread may be more than what is known",real
POLITICS,Article 370: Pak minister shares Burhan Wani funeral video as Kashmiris protesting against Indian govt,fake
ELECTION,"Poster war between Lalu, Nitish turns bitter ahead of Bihar polls",real
MISLEADING,Congress members circulate a digitally created video of Rahul Gandhiâs photograph beamed on Burj Khalifa,fake
COVID-19,Peaches may be linked to salmonella outbreak that has sickened 68 people in 9 states,real
GOVERNMENT,"In a first, Kerala schoolsÕ new academic year begins online",real
POLITICS,"Fact Check: No, Indian Air Force jet was not shot down by Nepali forces",fake
ELECTION,Maharashtra Assembly Election 2019: 60% turnout till 6 pm,real
ELECTION,"Fissures hit Gupkar alliances J&K local poll campaign, but parties blame govt intimidation",real
VIOLENCE,Fact Check: Tarek Fatah passes off old video with communal slogans as recent one from Delhi,fake
ELECTION,Chandrababu Naidu accuses Andhra Pradesh CM of phone tapping; seeks PMÛªs intervention,real
GOVERNMENT,"Fact Check: Did Sonu Sood Win An Award Conferred By United Nations Development Programme?.Fact Check: Sood conferred Special Humanitarian Award by Punjabs dept. of planning, not UNDP",fake
VIOLENCE,Fact Check: Video of Nihang Sikhs attacking bus is not related to farmers protest,fake
GOVERNMENT,Assam cops didnt thrash this pregnant woman; heres the fact check,fake
VIOLENCE,"Coronavirus: Indonesian Market Video Viral As Wuhan, China",fake
GOVERNMENT,Fact Check: British PM Boris Johnsons remarks on Track and Trace app for Covid-19 are FALSE.Fact Check  PM Modis remark coincides with that of Hitlers remark is false,fake
MISLEADING,Fact check: 2011 video of attack on Prashant Bhushan resurfaced in backdrop of his contempt case,fake
GOVERNMENT,Spot the photoshop â Is there any similarity between the images of PM Modi and Hitler?,fake
POLITICS,Why Shivraj Chauhan Should Allow Tribal Children Eggs,fake
VIOLENCE,Fact Check: Old video of man being thrashed falsely linked to corona lockdown.Fact Check: Image Of Old Man Beaten Up By UP Police Mistaken To Be One Of Stone Pelters,fake
VIOLENCE,"Fact Check: No, Name Of Sardar Vallabhbhai Patel Airport Has Not Been Changed To Adani Airport. Fact Check: Has Sardar Vallabhbhai Patel Airport Been Renamed As Adani...",fake
COVID-19,Fact Check: Are Muslims getting beaten up in detention centres in Assam?,fake
COVID-19,Fact Check: Manoj Tiwari did not violate the lockdown; hereÕs the...,fake
VIOLENCE,"ED carries out countrywide raids against PFI, its chairman in money laundering case",real
MISLEADING,Fact Check: Video Of Islamic Scholar Making False Claims About COVID-19...,fake
COVID-19,"Fact Check: No, Modi government is not offering Rs 15,000 to every individual.Indian Government is NOT giving Rs.2,000 to each citizen; Fact Check",fake
COVID-19,Re-interpreting history to demean Nehru family tree? Fact check,fake
ELECTION,Finance Ministry to present paperless Budget 2021- a first since Independence,real
TRAD,Fact Check: Old picture from 1993 shared as Bidenï¿½s under construction...,fake
VIOLENCE,Mumbai police arrests jewellery store owners for cheating customers of Rs 300 crore,real
ELECTION,Smriti Irani to play professor in new serial to silence critics,real
VIOLENCE,Are these pictures of the weapon recovered from the house of....Video Of Arms Seized From A Motorbike In Pakistan Shared As Jammu And...,fake
TRAD,ï¿½Maratha warriorï¿½ Sharad Pawar shows why he still matters in Maharashtra politics,real
VIOLENCE,"Allies see Rajasthan, MP, Chhattisgarh defeat as reality check for ï¿½communal, arrogantï¿½ BJP",real
TERROR,Supreme Court to hear only urgent cases amid novel coronavirus scare,real
ELECTION,"Ram temple foundation laid, but jungle raj reigns in UP: Shiv Sena",real
VIOLENCE,"Mamata Banerjee livid with party workers over Vande Mataram? False claim, old video",fake
POLITICS,Fact Check: Is This Man One Of Hathras Gang-Rape Accused & Congress Leader?. Fact Check: Is This Man One Of Hathras Gang-Rape Accused & Congress...,fake
GOVERNMENT,ÔMy message to Armed ForcesÕ: Rajnath Singh greets nation on eve of 74th Independence Day,real
VIOLENCE,Were pro-Pakistan slogans raised at AIMIM rally in Ghaziabad?,fake
GOVERNMENT,Covid brings 200-yr-old Ramlila to halt in Varanasi,real
TERROR,PMC Bank fraud: Wadhawans request RBI to sell off their assets to pay off bankÕs dues,real
COVID-19,"Shinzo Abe, SP Balasubramaniam among Padma Vibhushan recipients",real
VIOLENCE,Murder accused shot dead inside courtroom in Uttar Pradesh,real
GOVERNMENT,"Mumbai woman falls into drain, body found at sea 20 km away",real
GOVERNMENT,"Farmers protest: Centre offers to amend farm laws, farmers say no",real
POLITICS,"Fact Check: No, 600 Girls Are Not Missing From Rape-Accused Daati MaharajÕs Ashram, Confirms Police",fake
ELECTION,Vacuum in Tamil Nadu politics could be the chance BJP was waiting for,real
VIOLENCE,Video Showing UK's RAF Spell 'It's Coming Home' In An Aerial Display...,fake
VIOLENCE,CBI arrests 2 bank officials for bribe,real
VIOLENCE,Mulayam Singh Yadav's condition improving: Hospital,real
GOVERNMENT,Ensure timely completion of road projects: Nitin Gadkari to UP,real
ELECTION,"J&K: Hurt by Mehbooba MuftiÕs remark on tricolour, three PDP leaders quit party",real
POLITICS,Fact Check: Have BJP MLAs In Punjab Joined Congress? Heres The...,fake
GOVERNMENT,Fact Check: Did Aam Aadmi Party Pay People To Participate In...,fake
POLITICS,"ÔIndia, US relationship took six decades to discover itself, is making up for lost timeÕ: S Jaishankar",real
POLITICS,Fact Check: PM's Independence Day Speech And The Claims He Made,fake
GOVERNMENT,"Delhi schools reopen after 10-month hiatus, but receive lukewarm response from students",real
VIOLENCE,"Delhi Police has given nod to tractor parade on 26 January, claim farmersï¿½ unions",real
GOVERNMENT,This picture of girl holding placard is FAKE; hereÕs the fact...,fake
MISLEADING,Fact Check: NASA has nothing to do with this edited image of the sun?s surface.Fact Check: This is not a picture of Beirut after the blasts,fake
TRAD,"Assam forms police panel to check illegal immigrantsï¿½crossing border, crackdown on facilitators",real
VIOLENCE,Delhi Police Launches Giant Lathicharge Chambers To Beat Protesters More Humanly.Old video of lathicharge in Bihar shared as policemen beating up Kashmiris,fake
COVID-19,6 die in Jharkhand after inhaling toxic gas inside septic tank,real
GOVERNMENT,"Rahul Gandhi visits riot-affected Northeast Delhi, says violence benefits no one",real
COVID-19,"Fact Check: Did 25,000 Soldiers Return Shaurya Chakra Awards To Support...",fake
POLITICS,BJP to begin process to find Amit Shahs replacement as party chief this week,real
GOVERNMENT,Video Claiming To Show Kejriwal Admits To Having RSS Links Is Cropped,fake
POLITICS,How a viral image helped Mangalores George Fernandes win Bihar poll in absentia,real
GOVERNMENT,Fact Check: Don?t Fall For This Morphed Picture Of PM Modi....Fact Check: Jyotiraditya Scindia to stay in BJP... at least for now,fake
COVID-19,"Fact Check: Amit Shah Has Not Tested Negative For COVID-19, Second...",fake
GOVERNMENT,"Rain, hailstorm cause major damage to crops in Rajasthan",real
VIOLENCE,This video has no relation with Coronavirus..Bat Infestation Video From Florida Falsely Shared As Coronavirus...,fake
VIOLENCE,SC denies bail to man accused of repeatedly raping his sister-in-law,real
GOVERNMENT,Did Farooq Abdullah Chant âBharat Mata Ki Jaiâ After Amit Shah Was...,fake
POLITICS,Did Amit Shah urge voters to not vote for Meenakshi Lekhi?...,fake
GOVERNMENT,"Gorakhpur Tragedy: Hero Doctor Forced To Deal With Smear Campaign,...",fake
TERROR,SC to hear plea against UGC order after 2 days,real
VIOLENCE,Fact Check: Viral video of crocodile in flooded street is NOT...,fake
POLITICS,Is this Mahameru flower that blooms once every 400 years in...,fake
COVID-19,"Adorable and admirable: PM Modi shares video of 4-year-old kid from Mizoram singing Maa Tujhe Salaam, Vande Mataram",real
POLITICS,"Fact Check: Unrelated Video Shared To Show The Plight Of Uighur Muslims In China. Fact Check: Mamata spoke about Muslims, but she also praised other religions at Opposition's mega rally",fake
GOVERNMENT,Image Of PM Paying Tribute To Deendayal Upadhyaya Revived As Nathuram...,fake
VIOLENCE,9 TN cops charged in custodial death case,real
GOVERNMENT,"Delhi Metro new guidelines: Use of masks, smart cards mandatory; no tokens allowed",real
POLITICS,"Can sense public anger against Mamata, death knell of her regime has rung, says Amit Shah",real
GOVERNMENT,"Govt approves crucial Palwal-Sonepat rail project, will decongest NCR network",real
POLITICS,"KCR floats his ï¿½federal frontï¿½ again, is even willing to sail with Congress now",real
TERROR,India too votes to reclassify as UN decides cannabis not a dangerous narcotic,real
MISLEADING,Did Italians throw their money on the streets? HereÕs the truth,fake
VIOLENCE,"Case Of Mistaken Identity: Unrelated Video Shared As Doctor Giving....Child Kidnapping Rumours Revived With Unrelated Images, WhatsApp Audio ...",fake
TERROR,Armed forces get special powers for urgent purchases worth Rs 300 crore,real
GOVERNMENT,Dont believe this picture of PM Modi taking a dip in...,fake
ELECTION,"Punjab, Haryana feature prominently during discussion on agri Bills in Rajya Sabha",real
VIOLENCE,Fact Check: Pakistan's former ISI DG Hamid Gul's son tweets misleading video of Kashmir.Fact Check: Amanatullah Khan's tweet doctored to give it communal twist,fake
COVID-19,How central govt projects help Nitishs politics  AIIMS in Darbhanga only latest example,real
POLITICS,Fact Check: AAP MPs tweets on President Kovind not being invited...,fake
GOVERNMENT,Fact Check: This Picture Of PM Modi Holding File On Population...,fake
TERROR,Proposed mosque land 20 kilometres from Ayodhya,real
ELECTION,Ex-SC judge Kurian Joseph says Congress & Left approached him to contest polls,real
MISLEADING,Fact Check: Old video of Modi-Manmohan meet goes viral with misleading claim,fake
TERROR,"India protests Pak court order on Gilgit-Baltistan, slams bid to bring material change in PoK areas in J-K",real
MISLEADING,"Fact Check: Rawalpindi school with high-tech attendance system passed off as Delhi's. 17,000 CBSE Schools Could See Sainik School-Type Learning To Push Discipline, Physical Education",fake
COVID-19,One video three ways: old footage of Indiaâs Priyanka Gandhi viewed tens of thousands of times alongside multiple misleading claims,fake
VIOLENCE,"Fact check: Mob thrashing man in viral video is not MP Congress leader, but BJP activist from Bengal",fake
POLITICS,"Hema Malini, Adnan Sami pray for speedy recovery of singer Lata Mangeshkar",real
ELECTION,Why disclose COVID-19 patients names? Bombay HC asks Maharashtra govt,real
MISLEADING,NewsMobile Fact Checker: 10 FAKE news you thought were real,fake
ELECTION,Himachal BJP president asked to resign at PMOs behest after corruption allegations,real
TERROR,"Jharkhand man rides 1,200 km on scooter to take pregnant wife to exam centre in MP",real
GOVERNMENT,DonÕt believe this FAKE picture of a little girl holding placard;...,fake
ELECTION,"Nitish Kumar treated me like son, wont question his call: Prashant Kishor on expulsion from JD(U)",real
GOVERNMENT,Fact Checked: Pak Army Spokesperson shares FAKE video of Indian Air....Pakistani Website Spreads Fake News That F-16 Aircraft Manufacturer...,fake
COVID-19,"#MeToo launched by people with perverted minds, says union minister Radhakrishnan",real
GOVERNMENT,PM Modi Photographed With Chhota Rajan? Morphed Image Revived,fake
POLITICS,Fact Check: Fake News Of March By Muslims Demanding Release Of....From Fake News Of Church Attacks To Karnataka Governor's Anthem Faux...,fake
MISLEADING,Fact Checked: This tweet by Bill Gates on animal slaughter is....Fact Check: Claims about caged dogs being slaughtered in China is...,fake
COVID-19,"No, Rajiv and Rahul Gandhi did not offer Islamic prayers at Indira Gandhiâs funeral",fake
ELECTION,"Uddhav Thackeray, among nine, elected unopposed to Maharashtra upper house",real
GOVERNMENT,Gujarat govt to regularise illegal drinking water connections in urban areas,real
TERROR,Venkaiah Naidu: Judicial over-reach in some verdictsÉ organs of state must respect their limits,real
POLITICS,Amit Shah did NOT call Sushant Singh Rajput a cricketer in....Fact Check: Salman Khan did not call Sushant Singh Rajput a...,fake
MISLEADING,Fact Check: Did Rahul Gandhi call Sushant Singh Rajput a cricketer in his condolence tweet?. Fact Check: Morphed Tweet Of Rahul Gandhi Paying Tribute To Sushant Singh As Cricketer Goes Viral,fake
TERROR,UPSC declares Civil Services Exam 2019 result; Pradeep Singh tops list,real
ELECTION,"MLAs poaching being probed by SOG, ACB: Rajasthan CM",real
POLITICS,"How True Are The Government?s Claims About The Beti Bachao Beti Padhao (BBBP) Scheme?.Achhe Din For Pluto? Kejriwal Wants Full Planethood, Nitish Demands Special Package, Modi Offers $1000B",fake
COVID-19,Fact Check: Nita Ambani did NOT give Rs 200 crore for...,fake
VIOLENCE,Team of Sikh committee in Kolkata to complain against Police for disrespecting Pagdi,real
MISLEADING,Fact Check: Kerala 2019 notification offering jobs to Scheduled Caste Converted Christians goes viral again,fake
GOVERNMENT,Fact Checked: This picture of ÔDiwali at Golden TempleÕ is not...,fake
TERROR,Army dogs keep danger and stress at bay for soldiers in Jammu and Kashmir,real
POLITICS,CM Shivraj ChouhanÕs Claim On MP Roads Is Misleading,fake
COVID-19,"To curb economic losses and damage to property during cyclones, IMD to launch ÔdynamicÕ warning system",real
MISLEADING,OpIndia CEO targets singer Caralisa Monteiro with fake tweet in her name,fake
VIOLENCE,"Old video of scuffle between BJP MP, MLA resurfaces with FAKE...",fake
VIOLENCE,Photo Of Inundated Houses In Australia Shared As Bihar Floods,fake
POLITICS,"Fact Check: TRAI has not recommended 11-digit mobile numbers in India;.... Fact Check: Delhi CM Claims No. Of Dengue Cases Reported In 2019 Is 1,000, Govt Data Says Otherwise",fake
POLITICS,Kashmir Advertisement In New York Times Shared As News Report,fake
MISLEADING,"Fact Check: No, '9969777888' Is Not Bengaluru & Telangana Police Women ....Fact Check: No, '9969777888' Is Not Bengaluru & Telangana Police Women Helpline Number",fake
MISLEADING,Fact Check: Actor's picture shared on social media as doc who died of Covid-19.Did A Netflix Show Predict The COVID-19 Outbreak?,fake
TERROR,Well-orchestrated plan to stop Lord JagannathÛªs Rath Yatra: Shankaracharya,real
ELECTION,ÔMahatmaÕs soul would have painedÕ: Sonia Gandhi targets BJP on Gandhi Jayanti,real
VIOLENCE,"Indian Army did not kill âunarmed Kashmirisâ, video is of mock drill by Jharkhand police",fake
TERROR,China pulls back 2 km in LadakhÕs Hot Springs Sector; withdrawal at Gogra by tomorrow: Reports,real
GOVERNMENT,Farmers switch over to machines to meet acute shortage of farm labour,real
COVID-19,National Covid tally crosses 86-lakh mark; recovery rate rises to 92.79 per cent,real
MISLEADING,Johns Hopkins Distances Itself From Viral List Of COVID-19 Precautions,fake
COVID-19,"With 34,884 new cases in 24 hrs, Indias Coronavirus tally rises to 10.38 lakh; death toll at 26,273",real
POLITICS,"Indian economy could be most resilient in south, southwest Asia subregion, says UN report",real
POLITICS,"Higher bonus, Bangla pride, Modi quota  Mamata is trying it all to win back Bengals love",real
COVID-19,"Rajasthan reports 68 new coronavirus patients, death toll at 213",real
MISLEADING,"Don?t believe this morphed picture of US President Donald Trump; here?s....Fact Check: No, US President Donald Trump is not being treated for coronavirus",fake
ELECTION,Missing Gurugram senior citizen found,fake
COVID-19,"Fact Check: Did a tree grow out of a car overnight?.Fact Check: Amid Coronavirus lockdown, has a herd of deer come out onto Coimbatore roads?",fake
POLITICS,"Pranab Mukherjee, veteran Congressman who wanted to be PM but ended up President, dies at 84",real
GOVERNMENT,Fact Check: Did East India Company issue coins with Hindu Gods?.Fact Check: Coins With Lotus And Gods Were Not Minted By British,fake
COVID-19,SSB head constable dies of COVID-19; 10th death in CAPFs,real
COVID-19,Are these pictures from Rahul Gandhis Jalore rally? Heres the truth,fake
POLITICS,Has the Yogi govt fined this rickshaw-puller Rs 21 lakh?,fake
COVID-19,Fact Check: Did Microsoft Acquire Sony In A $130 Billion Deal?...,fake
VIOLENCE,Old studentsâ protest against RSS shared as recent JNU studentsâ protest,fake
ELECTION,"Rajya Sabha Passes 10% Quota Bill, States To Decide On Beneficiary Criteria",real
POLITICS,"AIMIM wins 5 seats in Bihar, but hasn?t made a big dent in Mahagathbandhan vote share",fake
VIOLENCE,Waiting eagerly for CBI probe outcome in Sushant case: Minister,real
MISLEADING,Fact Check: BJP?s Pankaja Munde was not crying over her defeat....Fact Check: Was BJP leader Pankaja Munde in tears after losing in Maharashtra polls?,fake
ELECTION,"Bengal farmers want Tatas back in Singur, will ask Modi govt to help, says BJP MP",real
ELECTION,PM Modi greets Manmohan Singh on his birthday,real
ELECTION,"Modi Govt Thinks It Owns RBI, Doesn't Understand Its Autonomy: Chidambaram",real
VIOLENCE,Masked woman in JNU violence video suspected to be Delhi University student: Police,real
VIOLENCE,Fact Checked: Mortal remains of recent naxal attack martyrs were not...,fake
COVID-19,Officer who defended Poonch in Ûª71 war dies,real
VIOLENCE,Fact Check: Eight-year-old photo passed off as police atrocities on Jamia students,fake
POLITICS,Fact check: Meat thrown near entrance of Shiv temple in Jharkhand,fake
ELECTION,Desperate measures taken after BJP MLAÕs parents test COVID positive,real
ELECTION,"Idea of simultaneous polls needs to be seriously considered, says Vice-President Naidu",real
POLITICS,Congress? Kuldeep Bishnoi slams Ghulam Nabi Azad for publicly raising internal party matters,fake
VIOLENCE,2018 Schoolgirl Beheading Case Revived With Fake Communal Claims,fake
MISLEADING,"?It is true? ? Rajnikanth confirms health concerns, hints he?s reconsidering entry into politics",fake
ELECTION,This is the message from Congress as it snubs its UP chief Raj Babbar,real
COVID-19,Rahul Gandhiâs image photoshopped to claim he was attacked in Amethi,fake
COVID-19,"Centre mulling requests by states, experts to extend lockdown amid spike in COVID-19 cases: Reports",real
ELECTION,Congress to hold protests across Rajasthan against BJP on Saturday,real
COVID-19,India-US ties will be on stronger footing: foreign policy experts,real
POLITICS,"Atal Bihari Vajpayee cremated at Smriti Sthal, daughter lights funeral pyre",real
POLITICS,"No, a high court in India has not banned a popular online multiplayer game.No, this is not a video of Islamic terrorism in India",fake
COVID-19,"Fact Check: No, ICMR hasnt prescribed this drug to prevent Covid-19.Fact Check: No, ICMR hasn?t prescribed this drug to prevent Covid-19",fake
GOVERNMENT,Monsoon withdraws from Delhi; Assam flood situation marginally deteriorates,real
VIOLENCE,"Old, unrelated video shared as CAA support rally by Sadhus, Agoras in Haridwar",fake
VIOLENCE,Old video falsely viral as sadhus take out procession in Maharashtra after Palghar lynching,fake
VIOLENCE,Vikas DubeyÛªs absconding aide arrested near Mumbai,real
GOVERNMENT,"More special trains being planned, state govts being consulted: Rail Ministry",real
POLITICS,ÔChina canÕt get better of IndiaÕs capabilitiesÕ: Air Chief Marshal RKS Bhadauria on Ladakh standoff,real
TERROR,"When fighting for principles, opposition often voluntary, support often managed: Sibal",real
MISLEADING,"Fact Check: No, PM Modi Did Not Wave At Empty Train During Bogibeel Bridge Inauguration",fake
ELECTION,Process to elect next party president set in motion: Cong,real
GOVERNMENT,"HoaXposed: Madhu Kishwar tweets fake image on Modi govt, says it speaks volumes",fake
GOVERNMENT,Protest against Bengal cops for pulling Sikh manÕs turban during BJP march,real
POLITICS,Fact Check: Did 'The Simpsons' Writers Predict The Coronavirus...,fake
VIOLENCE,"Palghar lynching case: 38 held, remanded in judicial custody",real
POLITICS,Karnataka Police: SP Did Not Force Temple Priest To Pray To Jesus,fake
VIOLENCE,"Cyclone AMPHAN turns extremely severe, likely to become super cyclone; Odisha, Bengal on alert",real
ELECTION,Outgoing Bihar DGP says he will join politics and may contest polls from hometown Buxar,real
MISLEADING,Fact Check: Did Nepal shoot down HAL Rudra after it entered...,fake
VIOLENCE,Old video of spoilt cheese thrown in Saudi Arabia shared as Kuwaitis partake in âboycott Franceâ,fake
VIOLENCE,"Mobile phones of Deepika Padukone, Rakul Preet Singh and Karishma Prakash seized in drugs case",real
COVID-19,"No, FM Nirmala Sitharaman did not claim that Modi govt distributed 35,000 crore LED bulbs",fake
GOVERNMENT,Fake: This soldier did not rush to Delhi border to meet father protesting against farm laws,fake
COVID-19,"Director Tourism Kashmir, DDC Budgam visit Doodhpathri",real
GOVERNMENT,Corona impact: Several Bihar districts ban spitting on public streets,real
VIOLENCE,"Photos of man breaking womanâs body at the hip goes viral, but itâs not from this year",fake
GOVERNMENT,Abrogation of Article 370 has disrupted proxy war by Pakistan: Army Chief,real
ELECTION,"Smriti Irani  controversial in Modis first term, disinterested & aloof in second",real
TERROR,Push for greater participation in Bhumi Pujan for Ram Temple,real
POLITICS,"Prez Kovind greets citizens on eve of Onam, says we must take care of people of weaker sections of society",real
GOVERNMENT,Did Lord Ayyappa devotee commit suicide upset over the entry of women? HereÕs the truth,fake
POLITICS,"PM: UN faces confidence crisis, must fix outdated structures",real
TRAD,Fact Check: Old picture of man selling items for ï¿½Chhath Pujaï¿½...,fake
POLITICS,"2+2 dialogue: India, US sign crucial agreement on geo-spatial intelligence",real
MISLEADING,FAKE Alert: Old video of magic trick shared with extremists burning...,fake
VIOLENCE,Mamata has a new opponent in Bengal ï¿½ ï¿½extremist Muslimï¿½ Owaisi,real
COVID-19,CIPET renamed as Central Institute of Petrochemicals Engineering & Technology,real
VIOLENCE,Fact Check: TATA Is Not Giving Valentines Day Gift; Viral Message...,fake
GOVERNMENT,"Parody Account Falsely Quotes Journalist Ayyub Rana Defending Child Rapists, Social Media Spreads It As Actual Quote",fake
ELECTION,Leaked letter is not mine; info on health true: Rajinikanth,real
ELECTION,Maharashtra government formation: Congress-NCP meeting again tonight final meeting with Shiv Sena on Friday,real
POLITICS,"Spreading Hatred In The Name Of Celebrities: Farhan Akhtar, Swara Bhaskar & Nana Patekar Targeted.Dainik Bhaskar, Amar Ujala And Swarajya Misquote Scindia About Support ...",fake
COVID-19,"Coronavirus: 76 Indians, 36 Foreigners evacuated from Wuhan, 124 evacuated from Tokyo",real
COVID-19,"Long-term exposure to air pollution may increase COVID-19 death risk, say scientists",real
POLITICS,"Infighting, Hooda ï¿½politicsï¿½, structural gaps ï¿½ why Congressï¿½s Haryana unit appears messy",real
ELECTION,"Badla, mandir & Swachh Bharat  tracking VK Singhs final vote pitch in Ghaziabad",real
COVID-19,Fake: Govt is not extending the lockdown beyond 21 days,fake
TRAD,"Unemployment allowance, cashback schemes ï¿½ Congress releases its Delhi poll manifesto",real
POLITICS,West Bengal: A prime target of misinformation ahead of the 2019 election,fake
GOVERNMENT,Kafeel KhanÛªs detention under NSA extended by 3 months,real
COVID-19,"No, These Pics Don't Show Tejashwi Yadav Receiving A 'Youngest....Shehla Rashid Didn't Pocket Money Raised For Kathua & Unnao Victims' Family",fake
MISLEADING,"Fact Checked: No, this bridge is not from Mumbai",fake
ELECTION,Rajasthan heading for a Û÷constitutional crisisÛª: BJP reacts on political crisis in state,real
COVID-19,Fact Check: Janasena's press note on suspending lone MLA Rapaka is fake,fake
TERROR,Banning Chinese apps is Û÷digital strikeÛª by India: Ravi Shankar Prasad,real
COVID-19,"62 nations, including India, seek Û÷impartialÛª probe into WHO response to Coronavirus crisis",real
TERROR,How architect Mariam Kamara is masterminding a sustainable future for Niger,real
GOVERNMENT,"Congress? Anand Sharma hits out at leaders for slamming ?dissenters?, says maintain decency",fake
VIOLENCE,Man Abusing Cop In Viral Video Is Not Sakshi Mishra's Husband,fake
VIOLENCE,Supreme Court denies bail to 1984 anti-Sikh riots case convict Sajjan Kumar,real
GOVERNMENT,Did Muslims in Sri-Lanka destroy mosque? Fact Check!.Fact Check: Was this Muslim man harassed in India?,fake
ELECTION,Voters at booth boycott Tundla bypolls over 'no development',real
COVID-19,No benefit of Remdesivir in reducing COVID deaths: WHO study,real
VIOLENCE,2016 Maratha Agitation Photo Resurfaces As Gathering In Support Of CAA.Old video of US army band playing Jana Gana Mana resurfaces with false claim,fake
TERROR,"Madhya Pradesh Governor gives nod to anti-conversion ordinance, becomes law",real
GOVERNMENT,Orissa HC allows 24-year-old to live-in with same-sex companion,real
MISLEADING,"Section 144 order stokes confusion in Mumbai amid COVID-19 scare, but its not for public.HoaXposed: Flight for ITBP troops was a one-time-affair, not Modi govt achievement",fake
VIOLENCE,Allegations of illegal sand mining in Mahendragarh: HC seeks report from sdditional civil judge in 4 days,real
ELECTION,Anand Sharmaï¿½s praise of Modiï¿½s vaccine tour is indirect thumbs-down to Rahul Gandhiï¿½s line,real
COVID-19,"From 47,000 per year to 2 lakh a day, IndiaÛªs PPE kit production skyrockets",real
POLITICS,"Trump Jr draws flak for inaccurate world map showing India without Kashmir, north-east",real
COVID-19,"Govt to borrow about Rs 12 lakh crore in 2021-22, says Nirmala Sitharaman",real
VIOLENCE,Mumbai doctor dancing to 'Garmi' while wearing PPE kit sets the internet on fire,real
VIOLENCE,Shocking Video Of Elephant Trampling Man To Death In Sri Lanka Shared...,fake
GOVERNMENT,"No, Joe Biden Is Not Kneeling Before George Floyd's Daughter In This...",fake
ELECTION,"Scindia, Digvijaya, Soren make it to Rajya Sabha",real
GOVERNMENT,"Kejriwal did not make this statement about Shiv Sena, donÕt believe...",fake
VIOLENCE,"25 NDRF teams deployed on ground, 12 others are ready in reserve: NDRF briefs PM over AMPHAN",real
COVID-19,Amitabh Bachchan didnt say the things on this viral picture,fake
COVID-19,DCGI orders Serum Institute of India to suspend recruitment for Oxford Covid vaccine trials,real
GOVERNMENT,Article 370: Derogatory poster on PM Modi used in London protest attributed to AMU students,fake
POLITICS,Fake news: 'No proposal to cut salary for railway employees',fake
POLITICS,"No, this is not a photo of Indian tennis player Sania Mirza in Pakistan.No, This Hijab-Clad Sania Mirza Pic Is Not From Pakistan",fake
COVID-19,ÔNeed more scientific dataÕ: ICMR declines Jal Shakti Ministry proposal to test Ganga water for COVID-19 cure,real
VIOLENCE,Supreme Court wants CBI to share status of probe against Mulayam Singh Yadav & his sons,real
MISLEADING,PM's Claim Of Toilets For Girls In Every School Fails Scrutiny,fake
MISLEADING,"India Has 381 Medical Colleges, Needs 240 More",fake
MISLEADING,Fact Check: Did Mark Zuckerberg Say 'Jai Shri Ram' Is Written On Facebook Over 200 Crore Times?.Fact Check: Zuckerberg never said this about the 'Jai Shri Ram' slogan,fake
POLITICS,"ÔBlack DayÕ observed in border areas: Maharashtra ministers, leaders back protesters, attack Karnataka govt",real
VIOLENCE,Another video viral in fictitious Congress leader Anil Upadhyays name,fake
VIOLENCE,Gangster Ravi Pujari to be taken to Mumbai,real
POLITICS,"Fact Check: Is This Hathras Gangrape Accused's Father With BJP.Fact Check: No, this man standing next to BJP leaders is not the father of Hathras rape accused",fake
GOVERNMENT,Fact Check: Edited Video Falsely Claims CM Mamata Banerjee Did Not Greet PM Modi During Bengal Visit,fake
VIOLENCE,"No, these girls arent Javed Akhtars daughters; heres the fact check",fake
POLITICS,"KCR pitches for anti-BJP alternative again, plans opposition conclave but without Congress",fake
COVID-19,"Super cyclone: Death toll rises to 85 in W Bengal; protests over power, water supply",real
GOVERNMENT,NTCA succeeds in tiger population restoration during last 8 years: Report,real
MISLEADING,"Fact Check Of The Statements Given By Trump And Biden In The Final Phase Of Presidential Elections.Fact Check: No, Election Commission Has Not Declared Recounting Of Votes On 25 Seats In Bihar",fake
MISLEADING,Fact Check: Viral claim of Ambedkar statue damaged by BJP MLA is misleading,fake
VIOLENCE,Aircraft Simulation Video From 2016 Passed Off As Pakistan Plane Crash.Old Crash Photos Shared As IAF Fighter Jet Shot Down By Pakistan,fake
MISLEADING,Fact Check: Taliban suicide bomber passed off as Delhi riot accused,fake
ELECTION,Why RJD-Congress wont bring up India-China dispute in Bihar campaign,real
GOVERNMENT,"Byjuï¿½s to buy medical, engineering entrance coaching leader Aakash in $1 billion mega deal",real
VIOLENCE,India Today uses 2-year old YouTube video to report Pakistani mortar fire,fake
GOVERNMENT,"ItÛªs about talent, not platform: TikTok influencers after app ban",real
POLITICS,"Who talks to whom, I know everything: Mamata Banerjee attacks ÔopportunistÕ TMC leaders",real
VIOLENCE,Old video of sandstorm viral as clouds settled on the road,fake
VIOLENCE,"Journalist, wife beaten to death in UP",real
MISLEADING,Fact Check: Is Canada deporting Indian students for submitting fake IELTS score?. Fact Check: Did NPR Manual 2020 Specifically Exclude Muslim Festivals From The List?,fake
ELECTION,Grand ceremony awaits formal induction of Rafale fighter aircraft into IAF,real
GOVERNMENT,Fact Vs Fiction: Fake News After Las Vegas Mass Shooting,fake
VIOLENCE,Fact Check: No! These weapons were not seized from a mosque,fake
COVID-19,"10 Months On, Prime Minister ModiÕs DeMonetisation Claims Remain Unclear",fake
POLITICS,Shah: Committed to developing border areas,real
POLITICS,This rendition of the Indian national anthem was produced in August 2017 to mark IndiaÕs 71st Independence Day,fake
POLITICS,Fact Check: Was this huge protest in Nepal against Oli govtâs pro-China stance?,fake
VIOLENCE,Unrelated video from Kerala shared as KÕtaka INC workers burning PM ModiÕs effigy,fake
GOVERNMENT,Alt News expos: Fake News peddling FB page ÔThe India EyeÕ and its Gujarat connection,fake
POLITICS,"PM Modi wishes people of Maharashtra, Gujarat on foundation day",real
GOVERNMENT,Fact Check: Photoshopped image of Kapil Sibal and his wife inside slaughterhouse goes viral,fake
VIOLENCE,"Marriage between first cousins illegal, states Punjab and Haryana HC",real
GOVERNMENT,A tribute to struggle for Independence in undivided Punjab,real
ELECTION,"After failed rape bid, woman in Bihar set on fire, dies",real
MISLEADING,Fact check: Has Sunni Waqf board decided to build Babri hospital on the 5-acre land allotted in Ayodhya?,fake
VIOLENCE,"Vizag gas leak: Failure to comply with rules, says NGT; slaps penalty of Rs 50 crore on LG Polymers, issues notice to Centre",real
COVID-19,"Admired by Modi, Punjab innovator arrested with fake Rs 2,000 notes",fake
VIOLENCE,Video from Bangalore viral as Kashmiris taking out rally in J&K chanting âBharat Mata ki Jaiâ,fake
GOVERNMENT,"Before Nitin Gadkari, CAG flagged delay in NHAI office construction",real
MISLEADING,"Fact Check: No, Viral Video Does Not Show Captain Deepak Sathe, Air India Express Pilot, Singing",fake
COVID-19,Gajendra Singh Shekhawat shares picture showing ÔModiÕ encrypted with crops in a farmland,real
VIOLENCE,Old video shared as the recent incident where police was attacked during lockdown in Aurangabad,fake
VIOLENCE,Fake photo of AP used as police action on Kashmir protesters. Congress posted old images to attack BJP government,fake
GOVERNMENT,COVID-19 scare: Kartarpur Sahib pilgrimage shut down from Sunday midnight,real
GOVERNMENT,Photoshopped image shared as floating lanterns over Varanasi ghats,fake
VIOLENCE,Photo Of Sri Lankan Artist Viral As Protest Against Hathras Incident,fake
TERROR,Former Tripura Congressman Pradyot Debbarma launches apolitical outfit,real
POLITICS,"No, Rahul & Rajiv didnât pay respects to Indira Gandhi at âfuneralâ with Islamic gesture",fake
ELECTION,"Opposition wants middlemen, not farmers, to prosper: Prime Minister Modi",real
COVID-19,China cites Covid for evacuating its citizens from India,real
VIOLENCE,Video from 2017 of eviction from forest area in Assam viral in the context of NRC,fake
GOVERNMENT,Air connectivity to small cities to boost tourism industry: Minister,real
COVID-19,Varanasi uses drones to sanitize COVID-19 affected sensitive areas,real
COVID-19,"India, Japan hold strategic dialogue; focus on expanding collaboration in third countries",real
ELECTION,"Mehbooba stumps BJP, seeks CM post under SRO 43",real
GOVERNMENT,"Tejashwiï¿½s arrival, Nitishï¿½s tenacity, Shahï¿½s masterstroke ï¿½ 5 takeaways from Bihar results",real
MISLEADING,Fact Check: Article 35A Didn't Provide Citizenship To Pakistani Muslims In Kashmir.Fact Check: Pak journalist shares misleading pics to claim atrocities on Kashmiris,fake
GOVERNMENT,"Delhi officer missing since a week, family seeks help on social media, says govt hasnt helped",real
COVID-19,Old photo shared as Rahul and Priyanka Gandhi ÔlaughingÕ en route Hathras,fake
POLITICS,Morphed Dawn report claims pilot urinated in Pak fighter jet after calling from Allah,fake
VIOLENCE,Photo Of Arnab Goswami Tortured By Mumbai Police? Not Really,fake
VIOLENCE,Dont believe this FAKE give away post with Dwayne Johnson in...,fake
POLITICS,China cant get better of Indias capabilities: Air Chief Marshal RKS Bhadauria on Ladakh standoff,real
VIOLENCE,Edited Clip Of Police's Warning Against Child Kidnapping Rumours.... Old Footage Of Assault On MP Doctor Shared Amidst Doctors' Strike In...,fake
GOVERNMENT,Circular Refusing A Farewell For Retiring SC Judge Arun Mishra Is Fake,fake
VIOLENCE,"BJP disowning ISI spy was expected, but why is hyper nationalist media still silent",fake
GOVERNMENT,Opinion: What Americans need to know as they watch the conventions,real
GOVERNMENT,"SC gives states 15 days to send migrants home, directs govts to generate employment for returnees",real
MISLEADING,Fact Check: No BSF jawans were killed in this bus accident in Bihar.Fact Check: These are not Kashmiri girls involved in a sex racket in Kulgam,fake
GOVERNMENT,This picture is NOT from CAA protest in Shaheen Bagh; heres...,fake
GOVERNMENT,Bengaluru's Modi Masjid Named After PM Modi And Other News You Almost.... 2014 Photos Of 'Ab Ki Baar Modi Sarkar' Rotis Revived With Lockdown...,fake
ELECTION,"Second Cabinet expansion after PM, Amit ShahÕs nod, says Yeddyurappa",real
COVID-19,"New Delhi, Moscow exchange 15 MoUs; Russia to build 20 more nuclear power plants in India, says Putin",real
TERROR,Kisan credit cards for 1.5 crore dairy farmers,real
ELECTION,Haryana MLA Abhay Chautala resigns from assembly over farm laws,real
ELECTION,Not right to question SpeakerÕs decision outside Parliament: Lok Sabha Speaker Om Birla,real
POLITICS,3000 Tonnes Gold Reserves Found In UP And Other News You Almost.... Don?t believe the news of RBI sending 200 tonnes of gold...,fake
COVID-19,"Fact Check: Did Aamir Khan Donate Rs 15,000 In Sack Of One Kilo Wheat Each?.Fact Check: Did 25,000 Soldiers Return Shaurya Chakra Awards To Support...",fake
VIOLENCE,Madhu Kishwar tweets 2011 video to claim Muslim man wore Sikh turban during CAA protest,fake
VIOLENCE,Fact Check: These viral images are NOT related to recent anti-CAA...,fake
VIOLENCE,Metro car shed at Aarey to be shifted,real
VIOLENCE,Supreme Court grants bail to a Rajasthan man accused under UAPA,real
GOVERNMENT,Fact Check: Dont fall for this FAKE picture of Sachin Pilot...,fake
TERROR,CJI BobdeÕs mother duped by family property caretaker; accused held,real
ELECTION,Tussle within Cong rekindles old versus new debate,real
GOVERNMENT,"Fact Check: Media Falsely Reports Scindia Supports CAB, Misquotes Kabil Sibal",fake
ELECTION,"By-polls: People of MP know that Shivraj Singh Chouhan has just lied in last 6 months, says Kamal Nath",real
ELECTION,Rajasthan: 6 ex-BSP MLAs formally join Congress,real
COVID-19,"Media misreports bike submerged in a gutter in Jalna as Chembur, Mumbai",fake
GOVERNMENT,Fact Check: Did Muslim Regiment Deny Fighting Against Pakistan In 1965 War?.Church in Pakistan burnt in revenge against New Zealand shooting? Fact Check,fake
ELECTION,Former Bihar DGP Gupteshwar Pandey joins Nitish KumarÛªs JD(U) ahead of elections,real
COVID-19,Akshaya Patra undertakes relief feeding to support governments efforts during COVID-19 outbreak,real
MISLEADING,Fact Check: From Times NowÕs ÒRate CardÓ To A Speech-Impaired Man Trolled As ÒDrunkardÓ,fake
VIOLENCE,Fact Check: Video showing drone delivering goods in Lagos is 3D-generated,fake
COVID-19,Did NDA Govt recover Rs 4 lakh crore of NPAs as claimed by BJP and PM Modiâs app?,fake
GOVERNMENT,"Is Kamal Haasanâs party website registered in Cayman Islands, a tax haven?",fake
ELECTION,"MLA found dead, BJP blames TMC",real
TRAD,Sanjay Raut saysï¿½Ajit Pawar has back-stabbed Shiv Sena in Maharashtra,real
VIOLENCE,Fact Check: Images Of Burnt Idol Of Goddess Kali Shared With Communal Angle.2015 Video Of Desecrated Idols Of Goddess Kaali Passed Off As Recent,fake
VIOLENCE,Old video of Maratha protest shared as angry public in Assam chasing police after NRC,fake
COVID-19,"Karnataka adds 9,746 new COVID-19 cases, 128 deaths push toll to 6,298",real
GOVERNMENT,Kerala state Lottery Today Results announced: First prize is worth Rs 80 lakh!,real
VIOLENCE,Fact Check: Old video of police action on Muslims in Turkey revived during recent Erdogan-Macron feud,fake
GOVERNMENT,"After deferring licence renewals due to lockdown, DGCA launches services on e-platform",real
MISLEADING,Fact Check: This video of an argument between B.S. Yediyurappa and...,fake
ELECTION,A Dummys Guide to the President of Indias election,real
COVID-19,Viral Photo Of Manoj Tiwari Bursting Fire Crackers Is From 2014,fake
ELECTION,"MP floor test at 2 pm today, Congress 5 short of majority",real
MISLEADING,Fact Check: Delhi Police Didn't Burn A Broken-Down Bus To Instigate...,fake
VIOLENCE,"Gudiya rape case: Victim faced exceptional depravity, says Delhi court, holds 2 accused guilty",real
TERROR,"Watch: Gujarat man develops 'Pani Puri ATM' amid coronavirus fears, and foodies can't resist it",real
POLITICS,"Raghubar Das  Modi-Shah pet, arrogant disciplinarian battling own party to return as CM",real
GOVERNMENT,This website claiming to allot LPG distributorships of oil companies is....Pakistani Website Spreads Fake News That F-16 Aircraft Manufacturer...,fake
MISLEADING,Fact check: Ramakrishna hospital has neither been sealed nor has its staff tested positive for COVID 19,fake
GOVERNMENT,DonÕt believe this FAKE picture of Virat Kohli; hereÕs the fact...,fake
COVID-19,Dawood Ibrahim's Ratnagiri properties fetch Rs 1.10 crore in auction,real
VIOLENCE,Fact Check: Fake News Of March By Muslims Demanding Release Of Mandsaur Rape Accused.Fact Check: Image of injured Syrian child passed off as victim of Delhi violence,fake
GOVERNMENT,Fact Check: Photoshopped image of Arabs protesting against PM Modi goes viral. Fact Check: PM Modi's image photoshopped along with starving woman from Africa,fake
VIOLENCE,Burqa-clad man caught voting in womanÕs name? Fact check,fake
POLITICS,Did Naseeruddin Shah ever say ÔIndia is a dangerous and pathetic countryÕ?,fake
MISLEADING,"Fact Check: Patient Brought To Cooper Hospital Dies An Hour Later, Hospital Says He Was COVID...",fake
POLITICS,Mail Today editor Abhijit Majumder spreads fake news on Kasganj violence,fake
TERROR,"Pass Class 10, 12 students based on internal marks, reduce syllabus of JEE, NEET: Delhi urges Centre",real
ELECTION,CRPF takes over security of Gandhis,real
GOVERNMENT,IIT Roorkee organizes five-day virtual faculty development programme,real
GOVERNMENT,Delhi govt reduces 14-day mandatory home quarantine to 7 days for asymptomatic travellers,real
ELECTION,BJP wants Election Commission to declare West Bengal a super-sensitive state,real
COVID-19,PM Modi shares MCAIs new rendition of national song Vande Mataram,real
COVID-19,Fires destroy home of Brazil's rare blue macaws,real
MISLEADING,Fact Checked: Is this Hima Das family celebrating her victory?,fake
GOVERNMENT,Fact Check: Punjab CM Amarinder Singh didn't meet Ambani a day before Bharat Bandh,fake
COVID-19,"MaharashtraÛªs COVID-19 case count grows by 10,441; death toll by 258",real
MISLEADING,Did A Bangladeshi Accidentally Burn To Death While Celebrating India's ...,fake
TERROR,RRB JE CBT 1 results 2019 declared at rrcb.gov.in | HereÕs how to check your scorecard,real
MISLEADING,Fact Check: Did top US health body replace pandemic with outbreak for Covid-19?,fake
VIOLENCE,Vikas Dubey encounter: SC wants probe panel to be led by ex-top court judge,real
GOVERNMENT,"Kolkata local trains may resume 100% service; West Bengal Govt, Railways meeting again",real
ELECTION,"Venkaiah Naidu calls out newly elected members, Union Minister, Cong Chief Whip",real
GOVERNMENT,Water quality tests fabricated to benefit RO companies: AAP,real
GOVERNMENT,Fact Check: Weaver?s suicide wrongly linked to PM Modi and his constituency,fake
VIOLENCE,This video has circulated since at least May 2019 in reports about Cyclone Fani lashing India,fake
VIOLENCE,"Muslims hold funeral procession for suicide bomber? No, unrelated 2012 video from Syria viral",fake
ELECTION,"Cant doubt Nitishs intentions to help Bihar, problem is in implementation, says ally Manjhi",real
ELECTION,Bihar polls: BJP expected to announce candidates over theÊweekend,real
TERROR,85 arrested in Assam over violence during Citizenship Act protests,real
COVID-19,SSB in for long haul along Bhutan,real
GOVERNMENT,"Fact Check: Fake tweet on France deporting Pakistanis go viral after Imran slams Macron.HoaXposed: AAPs Alka Lamba tweets fake photo of pre-poll survey, deletes",fake
VIOLENCE,Fact Check: Old protest video from Paris falsely linked with recent...,fake
COVID-19,"Fact Check: No, China Did Not Manufacture 'Boycott China' Goods.Fact Check: Boycott China t-shirts, caps not made in China",fake
MISLEADING,Fact Checked: This picture is not from Hizbul commander Zakir MusaÕs...,fake
VIOLENCE,"Govt mulls banning Islamic preacher Zakir NaikÛªs app, YouTube channel",real
GOVERNMENT,"Rahul Gandhi did not say âwomen should be rapedâ, as claimed by union minister Smriti Irani",fake
COVID-19,"2020 saw cryptocurrencies like Bitcoin gain momentum in India, thanks to male millennials",real
GOVERNMENT,IAS officer-turned-politician Shah Faesal drops JKPM president from his Twitter bio,real
GOVERNMENT,"CAA protests: Arson breaks out in Bengal, railway stations set ablaze; Mamata calls for peace",real
VIOLENCE,Fact Check: Are these photographs of Earth really sent by Chandrayaan-2?. The placards in these images have been doctored to include pro-China messages,fake
GOVERNMENT,Viral photo of ex-AAP leader Alka Lamba pointing to Congress symbol on her T-shirt is fake,fake
VIOLENCE,Hong Kong Protest Pics Passed Off As CPI(M) Rally In UP,fake
ELECTION,"As soyabean price inches closer to MSP, farmers follow Ôwait & watchÕ policy to offload their product",real
VIOLENCE,"ÔMuslimsÕ didnÕt kill ÔHinduÕ man in viral video, attack was result of a family feud",fake
VIOLENCE,Fact Check: Seven-year-old image from UP wrongly linked to farmers? agitation.Fact Check: Two-year-old clip of man blackening Hindi text on signboard linked to farmers? stir,fake
VIOLENCE,DonÕt believe this FAKE picture from Anti-CAA protest in DelhiÕs Shaheen...,fake
COVID-19,"1st in a month: Cases below 75K, deaths 1K",real
COVID-19,"Fact Check: This is not a 5,000-year-old temple discovered during road widening in Ayodhya",fake
MISLEADING,Did this doctor remove his PPE kit to save a corona patient?,fake
TERROR,SC to take up pleas seeking review of verdict upholding validity of Aadhaar scheme on June 9,real
GOVERNMENT,"Affront to right to life: SC junks Gujarat orders on wages, longer hours of work",real
GOVERNMENT,Media misreports: Rags to riches story of a mason who secured 53rd rank in UPSC 2018,fake
VIOLENCE,Goa Congress MLAs to meet governor & push for Parrikar govtï¿½s dismissal,real
POLITICS,"Sudarshan TV Claims Muslims Get 3 Years Relaxation Over Hindus In UPSC, Is It True?. Fact Check: These are not Kashmiri girls involved in a sex racket in Kulgam",fake
GOVERNMENT,IRCTC suspends bookings for trains run by it till April 30,real
GOVERNMENT,"Rural distress looms: dip in crop prices, remittances; rising Covid cases",real
POLITICS,Nepal PMÛªs fate to be decided on Monday,real
GOVERNMENT,Fact Check: Rotis with ÔAbki Baar Modi SarkarÕ stamp is NOT...,fake
ELECTION,"AAP calls for national executive meet, plans to move towards positive nationalism",real
POLITICS,"Madhu Kishwar makes false claim, quotes page 112 of a 76 page DMK manifesto",fake
COVID-19,Two-thirds of migrants have returned to cities or wish to do so: Survey,real
POLITICS,Fact Check: No political party was involved in this hair pulling incident,fake
VIOLENCE,Old video from UP viral as lathi-charge by Andhra Pradesh police on protesting youth,fake
COVID-19,EME soldiers mark 78th Corps Day,real
VIOLENCE,"After protests, Election Commission summons Mizoramï¿½s Chief Election Officer to Delhi",real
TRAD,Fact Check: PM Modiï¿½s sister-in-law did not pass away in 2020;...,fake
GOVERNMENT,Uttarakhand govt approves reward upto Rs 1 Lakh for people helping road accident victims,real
MISLEADING,Did WikiLeaks expose Rahul Gandhiâs secret marriage? Fake claim viral,fake
MISLEADING,Fact Check: False Rumours Of Kapil Dev's Death Circulate On Social Media. Fake Picture Of Juvenile Accused In Nirbhaya Case Circulates On Social Media And WhatsApp,fake
MISLEADING,"No, Ramdev's Patanjali Is Not Selling Chicken Masala Spice",fake
GOVERNMENT,Did Anti-CAA Protesters Fake Injuries? A FactCheck..Fact Check: Did this SFI worker fake injuries after violence at JNU?,fake
COVID-19,COVID-19: CBSE to be ready with rationalised curriculum within a month,real
VIOLENCE,2015 Video Of Desecrated Idols Of Goddess Kaali Passed Off As Recent.Edited clip of Mamata reciting Islamic prayers linked to Netaji event controversy,fake
ELECTION,Will get two-thirds majority in Bihar Assembly poll: Shah,real
POLITICS,Fact Check: Did Rahul Gandhi goof-up on paddy price during Chhattisgarh rally?. Fact Check: Did Mamatas goons attack Hindus at a BJP rally in Kolkata?,fake
MISLEADING,Did Chinese Media Call PM Modi A 'Rockstar' In The Backdrop Of.... Fact Check: Did business tycoon Mukesh Ambani announce a new multiplayer...,fake
POLITICS,"Farmers trust Modi, voters fed up with Gehlot, says BJP after Rajasthan local body poll win",fake
VIOLENCE,Fact Check: Sambit Patra Shares Video Claiming AAP Leader Wants 'Sharia' When He Actually Said.... Fact Check: Mahesh Bhat's Lashing Out Video Is Old And Unrelated To Fans' Reaction To His Upcoming...,fake
GOVERNMENT,Kiren Rijiju praises PM Modis efforts toward sports but tweets Brazilian...,fake
ELECTION,Arvind Kejriwal says will not accept AAP leader Ashutoshs resignation,real
ELECTION,"Massive BJP surge in Hyderabad GHMC elections results, says Telangana next",real
GOVERNMENT,Monuments other than Taj to reopen from Tuesday in Agra,real
MISLEADING,Kobe Bryantâs wife Vanessa Bryantâs Death Hoax Viral,fake
VIOLENCE,Fact Check: Delhi HC has not ordered release of protesters held during farmers agitation,fake
POLITICS,"Fact Check: Amit Shah did not pull up Modi for attending Iftar party..Fact Check: No, Irfan Pathan Did Not Participate In Shaheen Bagh Protest",fake
POLITICS,Mamata Banerjee: Amit ShahÕs lunch at tribal home cooked at 5-star hotel,real
GOVERNMENT,COVID-19 effect: Connaught Place to remain shut on Sunday to support Janata Curfew,real
VIOLENCE,"This video shows Indian police conducting an anti-terror drill, police say.Fake photo of AP used as police action on Kashmir protesters",fake
POLITICS,"Make Nath, Shivakumar in-charge of elections, treat polls as full-time job ? Karti Chidambaram?",fake
POLITICS,"Gehlot petitions President, dials PM Modi",real
MISLEADING,Fact Check: False Rumours Of Kapil Dev's Death Circulate On Social Media.Fact Check: Covid-19 rumours about Hyderabad hospital circulate on social media,fake
COVID-19,Mukesh Ambani doubles down on 5G promise as Reliance reports record profit,real
COVID-19,Old photo shared as Rahul and Priyanka Gandhi âlaughingâ en route Hathras,fake
POLITICS,Future-Reliance deal put on hold,real
VIOLENCE,"No, this video is not of a âMake in Indiaâ train manufactured for Sydney metro",fake
GOVERNMENT,"NCP aide, Modi backer, now Mumbai?s ?Godfather? ? the political gymnastics of Raj Thackeray",fake
VIOLENCE,Manjhi seeks probe into PaswanÕs death,real
COVID-19,Will drinking water every 15 minute prevent COVID-19?.Fact Check: Has the Covid-19 lockdown returned dolphins and swans to Italian waterways?,fake
GOVERNMENT,"Call on lifting dharna from platforms, tracks after Nov 5 chakka jam: Farmer unions",real
GOVERNMENT,"Kanhaiya Kumar with map showing Guj, Kashmir as part of Pak...",fake
MISLEADING,"Fact Check: This video of Osmania Hospital mortuary is not related.... Copies of Quran found in sewage in Bihar? No, this picture...",fake
COVID-19,How states are penalising public for violating Covid-19 rules,real
POLITICS,BoyÕs ÔkadakÕ salute to ITBP personnel in Ladakh wins Twitter,real
POLITICS,"Pranab Mukherjee still in deep coma, renal parameters Û÷slightly derangedÛª: Hospital",real
TERROR,Blasts trigger fire at ONGC plant in Surat,real
GOVERNMENT,Former public servants bat for farm Bills,real
VIOLENCE,"Fact Check: RSS activists have NOT stabbed IAS officer, raped a...",fake
COVID-19,"Budget 2020: Invest To Optimise Wealth Creation, Not For Tax Saving",real
VIOLENCE,NCPâs Sanjay Shinde wasnât named among Palghar lynching accused,fake
POLITICS,"India, China troops within shooting range at Spanggur Gap",real
VIOLENCE,"No, this is not a video of Indian Army soldiers skydiving. No, this is not a video of Indian soldiers dancing to celebrate a recent airstrike on Pakistan",fake
COVID-19,"Arhar Modi! Prices Up 200% In 5 Years, Farm Problems Older",fake
VIOLENCE,Old Mock Funeral Video Falsely Linked To Amit Shah Getting COVID-19,fake
MISLEADING,Fact Check: Viral images of Sunni Waqf Board deciding to build âBabri Hospitalâ in Ayodhya are FALSE,fake
POLITICS,BJP Bengal doctors video to claim Mamata Banerjee asked people to vote for BJP,fake
VIOLENCE,Farmers' Protest: 2018 AAP Rally Video Viral As Delhi Chalo Protest,fake
TERROR,Telangana agrees to withdraw case filed in SC related to sharing of Krishna & Godavari water,real
POLITICS,"Intense rainfall activity expected over north, central and east India during next 4-5 days: IMD",real
MISLEADING,"How the Murshidabad triple murder was given a political, communal colour",fake
TERROR,RTU (B.Tech) results 2019 declared at rtu.ac.in | HereÕs how to check results,real
GOVERNMENT,Assam: Woman attacked with acid for rejecting marriage proposal; accused held,real
COVID-19,Viral message with details of distribution of essential products in Mumbai...,fake
POLITICS,"DelhiÕs COVID-19 situation better than June prediction, says Kejriwal, thanks Centre, oppn for support",real
VIOLENCE,Woman in viral image not Rajasthanâs minor gangrape victim but murdered wife of Haryana cop,fake
VIOLENCE,Fact Check: Old image from Jat agitation revived as ongoing farmers? protest?. 2018 Images From Protest In Lucknow Revived With Unemployment Twist,fake
TERROR,New Form 26AS to make e-filing of I-T returns easy,real
ELECTION,Telangana unhappy over CentreÕs handling of water sharing issue,real
POLITICS,"NCB seizes drugs worth Rs 3 crore in Mumbai, agency's big haul linked to Sushant case",fake
ELECTION,"Hindus imply to 130 crore people in country, says Mohan Bhagwat",real
VIOLENCE,Fact Checked: Old video of demonstration shared as recent protest against...,fake
POLITICS,AAPâs Jarnail Singh targets Salman Khurshid based on a parody accountâs tweet,fake
POLITICS,"No, Tagore Did Not Tweak Bose's Version Of The 'National Anthem'",fake
POLITICS,Bhumi pujan by Prime Minister in Ayodhya on August 5,real
TERROR,RBI Governor Urjit Patel To Submit Written Answers To Questions By MPs,real
GOVERNMENT,Did Salman Rushdie say 99% Muslims are terrorists by thought? heres...,fake
POLITICS,Energy can be next frontier of India-Israel ties: Diplomat,real
VIOLENCE,The information about five children who ran away from their house is being spread as if they were kidnapped by a child-snatching gang.,fake
GOVERNMENT,Sudarshan News show ?UPSC Jihad? riddled with false claims,fake
GOVERNMENT,Postcard News: Mass producing fake news,fake
TERROR,"Reciprocal access to military bases; India, Australia elevate bilateral ties",real
VIOLENCE,Directors and writers react to OTT platforms coming under I&B ministry,real
POLITICS,Fact Check: Doctored News Bulletin Claims UP CM Said 'Thakurs Tend To Make Mistakes' On Hathras Rape ...,fake
POLITICS,Fact Check: Is this the rare Nagapushpa flower that blooms once every 36 years?,fake
ELECTION,Culture minister Prahlad Patel tests Covid positive; had attended Lok Sabha on Monday,real
COVID-19,Indian Air Force inducts indigenous airborne rescue pod for critical and COVID-19 patients,real
TERROR,Grandmother clears class 12 board exams in Meghalaya,real
VIOLENCE,Man from Jamtara held for online fraud,real
VIOLENCE,"How long to wrap up Hathras probe, Allahabad HC asks CBI",real
GOVERNMENT,Fact Check: Photo of peeping leopard not from Hyderabad but from South Africa.Fact Check: Viral photo of the flood is not from Bihar but Australia,fake
VIOLENCE,Old mock drill video from Jharkhand viral as police firing during CAB protests in Assam,fake
COVID-19,Fear grips Ladakh as number of COVID-19 positive cases jumps to 13,real
ELECTION,"Rahul flays violence against women, says it comes in many forms",real
POLITICS,Congress leader Acharya Pramod shares old image as ÔBrahmansÕ burning BJP flags,fake
TRAD,"Need continued talks, long-term solutions ï¿½ what experts say on farmers protest",real
TERROR,Rajasthan PTET Counselling results 2019 declared at ptet2019.org | Website not responding properly,real
ELECTION,Nancy Pelosi says she'll accept election results if Trump wins reelection,real
VIOLENCE,UP Police Debunk False Communal Claim About Meat Thrown At A Temple,fake
POLITICS,Tajinder Pal Singh Bagga appointed as Delhi BJP Spokesperson; A quick look at his career till now,fake
TERROR,BSNL not to use Chinese telecom equipment in 4G upgradation: Sources,real
POLITICS,"Gehlot government to go for trust vote, aims to counter BJPÛªs no-confidence motion",real
POLITICS,"BJP Claim On Karnataka Toilet Building Appears False, Data Are Not Comparable",fake
POLITICS,Sudarshan Pattnaik pays tribute to Pranab Mukherjee with sand art,real
GOVERNMENT,Modi tells Yogi govt to take strict action against Hathras gang-rape culprits,real
ELECTION,"India committed to building equal post-Covid world for us, our daughters: Smriti Irani at UN",real
POLITICS,Did DMK leader Selva Kumar assault a female doctor on duty?...,fake
MISLEADING,"No, This Is Not a Video of Captain Deepak Sathe Singing a Song.No, This Is Not A Video Of Madonna Singing The Hanuman Chalisa",fake
MISLEADING,"No, Barack Obama has not taken up a private job as claimed on social media",fake
MISLEADING,"Fact Check: Dead monk smiling even after a hundred years? No, here is the truth about the viral pic",fake
COVID-19,Congress drags down RJD-led Mahagathbandhan with its poor strike rate of 28%,fake
POLITICS,"5 killed, 5 critically injured in blast in Bengal plastics factory",real
COVID-19,"No, Rana Kapoor Is Not P Chidambaram's Son-In-Law",fake
VIOLENCE,Three Lynched In Palghar On Suspicion Of Being Thieves,fake
POLITICS,Fact Check: This is not the first time JNU will celebrate Republic Day,fake
POLITICS,"IndiaÕs Supreme Court did not approve this logo for teachers, central government says",fake
TERROR,Bengaluru Customs cuts open gas stove to find drugs worth Rs 79L,real
VIOLENCE,SC rejects ArnabÛªs plea to quash FIRs,real
VIOLENCE,"Viral video of womanÕs molestation isnÕt from Kerala, but Andhra, and is 3 years old",fake
TERROR,CBSE to start answersheet evaluation today,real
MISLEADING,"Fact Check: No, UNICEF did not issue this viral ÔCoronavirus advisoryÕ",fake
GOVERNMENT,"'No Invitation, Gate-crashed': Pro-Khalistan Protestors On Rahul...",fake
POLITICS,Domino's New Zealand stops giving free pizzas to 'Karens' after backlash,real
POLITICS,"Nation Asks Raghuram Rajan Not To Change Topic, Focus On Only One Thing",fake
POLITICS,"Pakistanâs flag in West Bengal? No, it is a widely used religious flag by Indian Muslims",fake
GOVERNMENT,"UPs Agra model questioned as Covid deaths rise in 4 districts, Priyanka targets Yogi govt",real
ELECTION,BJP plans transit phase as Goa CM Manohar Parrikars health deteriorates,real
VIOLENCE,Photo from 2016 viral as toddler injured by Muslim protesters during CAA agitation in West Bengal,fake
ELECTION,Companies (Amendment) Bill introduced in Lok Sabha,real
VIOLENCE,Old video shared as helicopter crash of Kobe Bryant; here?s the....Fact Check: Old video of turbulence in a flight shared as...,fake
TERROR,"Well make 12 people ministers, give Rs 10 cr each  full transcript of Yeddyurappa clips",real
MISLEADING,"Fact Check: Raid video, showing Tata Salt packed manually is false.Fact Check: This viral video is not of Kobe Bryants chopper crash",fake
COVID-19,"Fake 'roadmap' for India's plans to relax coronavirus lockdown circulates online.Fact check: No, Jio has not offered Rs 498 free recharge amid coronavirus lockdown",fake
MISLEADING,Fact Check: Did Kashmir woman tell Rahul Gandhi to go back?.Fact Check: Did Rahul Gandhi go blank on a question about Kailash Mansarovar?,fake
COVID-19,Mumbai Police inspector dies of COVID-19; toll 75,real
COVID-19,Talks on to diffuse India-China border dispute but canÕt guarantee extent of success: Rajnath Singh in Ladakh,real
POLITICS,Fact Check: TTD faux pas is TRUE,fake
POLITICS,Fact Check: Old pic of joint military exercise viral as Indo-China clashes in Ladakh,fake
MISLEADING,Fact Check: Claim that TS govt included a chapter about NTR in 10th class textbooks recently is FALSE.Fact Check: COVID-19 Cure Claims In UP Board's Class 12 Textbook Are False,fake
VIOLENCE,"Old, unrelated image viral as condoms found in Shaheen Bagh",fake
VIOLENCE,The video of a professor from Kashmir University is being spread using the name of the granddaugher of Maharaja Hari Singh,fake
TERROR,"Post Office Recruitment 2020: Big vacancy of over 1371 posts for 10th pass; check eligibility, pay scale",real
VIOLENCE,ED summons to CaptÕs son: Rawat questions timing,real
MISLEADING,Fact Checked: Did RaGa win by the highest margin in Wayanad?,fake
POLITICS,Fact Check: Did A Man From The Minority Community Kill An...,fake
GOVERNMENT,300 encroachments over Srinagars Khushalsar Lake being demolished to save waterbody,real
COVID-19,Health Ministry ÔmullsÕ gathering data on suspected COVID-19 re-infection cases,real
VIOLENCE,Old Video Of A Shia-Sunni Clash At A Mosque Shared With Communal Spin,fake
COVID-19,"Airports, trains full, people getting married: Minister Suresh Angadi on economic slowdown",real
VIOLENCE,Fact Check: Tweet demanding boycott of Amitabh Bachchan and Jaya Bachchan is by fake Twitter handle of Mukesh Khanna. Did Amitabh Bachchan Criticise Delhi Police For Crackdown On Jamia...,fake
POLITICS,Climate protection to be major theme in this yearÕs Durga Puja,real
ELECTION,"Once new govt is formed in Bengal, country will lose an election strategist: BJPs response to Prashant Kishor",real
VIOLENCE,Family of Bulandshahr violence accused threatens to accept Islam if demands not met,real
ELECTION,Chirag angle adds to complexity in Bihar,real
GOVERNMENT,Delhi cops bust FAKE job racket that cheated 27K and collected Rs 1.09 crore in a month,fake
VIOLENCE,Pakistan Army claims to shoot down ÔIndian spying quadcopterÕ along LoC,real
POLITICS,Fact Check: Did President Kovind Declare Punishment For Rape Convicts?,fake
GOVERNMENT,DelhiÕs air quality turns Ôvery poorÕ,real
POLITICS,Donï¿½t believe this FAKE quote attributed to Cong leader Kapil Sibal;...,fake
TERROR,"India, China take first step to de-escalate at LAC",real
VIOLENCE,Misleading Claims About Metadata Of Arnab Goswami's Video Go Viral,fake
GOVERNMENT,"It is a do or die battle for farmers, says Arvind Kejriwal at Meerut Kisan Mahapanchayat",real
GOVERNMENT,"NCC expansion in coastal, border areas",real
ELECTION,"With Û÷30Ûª MLAs, Pilot bid to hijack Gehlot govt",real
POLITICS,"Did Arnab Goswami said kill them in thousands after Article 370 was scrapped?.No, Missing JNU Student Had No Links With ISIS & Other News Which Were Not True",fake
ELECTION,Mayawatis outburst at Congress has BJP laughing all the way to the booth,real
COVID-19,Army soldier killed in Pakistan ceasefire violation on LoC,real
GOVERNMENT,"No, this is not a photo of a Muslim woman holding a placard in support of Indian Prime Minister Narendra Modi.No, this is not a photo of Indian Prime Minister Narendra Modi with a highly paid makeup artist",fake
ELECTION,Congress flays Modi over IT raids,real
VIOLENCE,Fact Check: Old Video from 2018 Falsely Linked To The Ongoing...,fake
POLITICS,ÔDeepest condolencesÕ: US on death of 20 Indian soldiers in clash with Chinese troops in Ladakh,real
COVID-19,Girls in government schools being imparted self-defence training: HRD Minister,real
ELECTION,"Some turncoats in BJP are moles, party must weed them out, says Tathagata Roy",real
MISLEADING,Can a bowl of freshly boiled garlic water cure novel coronavirus?...,fake
GOVERNMENT,Fact Vs Fiction: Did Narendra Modi Sell Tea & Did Rahul Gandhi Enter A ...,fake
MISLEADING,"Fact Check: No, Indian Railways Is Not Owned By Adani Wilmar",fake
ELECTION,Andhra BJP chiefÛªs daughter-in-law dies mysteriously at friend's party,real
ELECTION,"Current situation in Kashmir not sustainable, needs to change for sure: Angela Merkel",real
GOVERNMENT,ÔNo one forced people to attend eventÕ: Goa Minister as 3 die at Sunburn Fest,real
TRAD,Kamal Nath govt invoking NSA in cow slaughter case finds support ï¿½ in Modi cabinet,real
POLITICS,Started on wrong foot: Manish Tewari on Chief of Defence Staff decision,real
VIOLENCE,"Madhu Kishwar posts video showing Ôanatomy of riotsÕ, but clip is actually from Bangladesh",fake
TERROR,11 Malaysians among 28 foreign nationals jailed for violating visa norms,real
GOVERNMENT,Is PM ModiÕs APP sharing personal data with a third party without your consent? YES,fake
COVID-19,"No, Worldâs Cutest Baby Anahita Hashemzadeh Does Not Have Coronavirus",fake
GOVERNMENT,Reply in Rajya Sabha contradicts media reports on pay hike under 7th pay commission,fake
POLITICS,"11 killed, several seriously injured as pickup van turns in Koraput, Odisha; PM expresses grief",real
MISLEADING,Messages claiming legal action to be taken against group admins is False amidst COVID-19,fake
VIOLENCE,"Priyanka Gandhi assaulted party worker in inebriated state? False claim, old video",fake
COVID-19,"Dr ReddyÛªs reapplies to DCGI for conducting phases 2, 3 clinical trials of Russian COVID-19 vaccine",real
COVID-19,Karti Chidambaram shares misleading photos to portray PM Modiâs beach cleaning effort as staged,fake
VIOLENCE,Is this boy Assam's 'Bahubali'?,fake
ELECTION,"Sushant case: Filmmaker Mahesh Bhatt, Karan JoharÛªs manager to record statement",real
POLITICS,Video of mother-daughter killed by rape-accused in Kasganj is from July,fake
VIOLENCE,Amar Ujala publishes old photos from West Bengal as pothole-ridden road in Lucknow,fake
MISLEADING,Why we believe Fact Checking is Important.Fact Check: Is this Antarctica as seen from space? Not really,fake
VIOLENCE,Shiromani Akali Dal asks party cadre to join farmersï¿½ protests in Delhi,real
ELECTION,"Dy CM was Û÷horse-tradingÛª with BJP to topple govt, have proof: GehlotÛªs indirect attack on Sachin Pilot",real
GOVERNMENT,"Hyderabad rains: Heavy downpour inundates houses, roads; 19 DRF teams on ground",real
MISLEADING,"Fact Check: No, This Picture Of Traffic Jam Is NOT From...",fake
POLITICS,Fact Check: This girl standing next to Sooraj Pancholi is not Sushant Singh Rajput's ex-manager Disha Salian,fake
MISLEADING,Fact Check: How True Are Government Claims About Credit To Micro And Small Enterprises.FACT CHECK: Viral claims that jobs are available in Indian Railways on outsourcing basis are False,fake
MISLEADING,FAKE Alert: Max Hospital in Ghaziabad is NOT sealed due to...,fake
GOVERNMENT,Majority of parents in NCR say no to school for children amid coronavirus pandemic,real
COVID-19,Did pro-Modi chanting disrupt Rahul Gandhi?s Ujjain rally recently? Fact check.Fact Check: Did Jamiat Ulema-e-Hind Write To Sonia Gandhi Against Supporting Shiv Sena?,fake
POLITICS,Modiï¿½s dismal show in assembly elections gives Shiv Sena upper hand in alliance,real
GOVERNMENT,"Sanitation workers have ended strike as major demands met, says North Delhi mayor",real
GOVERNMENT,PM Modi makes false claim of Karnataka government waiving loans of only 800 farmers,fake
GOVERNMENT,210 MW Luhri stage-I hydro power project on Satluj in Himachal gets CCEA nod,real
GOVERNMENT,Railways to run two special trains to commute Indian Army personnel,real
MISLEADING,Fact Check: Gargling with warm or salt water eliminate the COVID-19,fake
VIOLENCE,"No, this is not a video of a woman hitting an Indian ruling party lawmaker with a shoe.No, this video does not show an Indian lawmaker from a regional opposition party dancing provocatively with a woman",fake
POLITICS,India beats China to win crucial election to UN commission on women,real
VIOLENCE,Court dismisses bail plea of scribe Rajeev Sharma in espionage case,real
MISLEADING,Fact Check: This kidnapping drama is not what it seems,fake
TRAD,"At VK Singhï¿½s adopted village, the General doesnï¿½t count. Only Modi does",real
COVID-19,"Nobel couple Abhijit Banerjee, Esther Duflo woo netizens with dhoti-kurta, saree for ceremony",real
TERROR,"Govt allocates Rs 11,689.39 crore to Social Justice & Empowerment Ministry",real
VIOLENCE,"ÔSituation going out of controlÕ: SC seeks Covid report from Delhi, Gujarat, Maharashtra and Assam",real
VIOLENCE,Old Video Of A Cable Car Fire In Palestine Passed Off As Haridwar's...,fake
VIOLENCE,"Hathras shocking, says Supreme Court; wants witnesses protected",real
ELECTION,J&K parties find new L-G Manoj Sinha too saffron as he is set to assume charge,real
POLITICS,Fact Check: Madras high court did not ?change? its logo to Hindi?.Fact Check: Madras high court did not change its logo to Hindi,fake
COVID-19,"Centre earmarks Rs 2,217 crore to tackle air pollution in 42 urban centres",real
GOVERNMENT,Did President Trump shout ?Jai Shri Ram? at the White house....Meet The Fake Accounts Impersonating Wing Commander Abhinandan...,fake
ELECTION,"Congress cautions govt on Trumps visit, says Outcome of visit should be in national interest",real
POLITICS,"No, the Reserve Bank of India Governor has not publicly blamed Prime Minister Narendra Modi for his recent resignation.No, this is not a real photo of a 'tsunami' of supporters for Indian Prime Minister Narendra Modi",fake
ELECTION,Û÷Priyanka Twitter VadraÛª: UP Dy CM takes jibe at Congress leader,real
TERROR,Uttarakhand to serve notice on Patanjali over Û÷cureÛª claim,real
COVID-19,Modi to interact with 3 teams involved in developing COVID vaccine,real
VIOLENCE,Video of Vizag gas leak falsely linked with hornet attack and coronavirus outbreak,fake
TERROR,India with G-4 serves ultimatum on UN Security Council reforms,real
GOVERNMENT,Circulation of newspapers in PDF on social media illegal? Fact Check,fake
COVID-19,COVID-19 | First case of coronavirus reinfection reported in Karnatakas Bengaluru,real
COVID-19,"Sanjay Dutt Converting To Islam? No, That's Bad Photoshop",fake
MISLEADING,No! This picture was not taken after Solan building collapse,fake
GOVERNMENT,Sudarshan News show âUPSC Jihadâ riddled with false claims,fake
MISLEADING,Fact Check: Here?s the truth behind this morphed picture of PM....Fact Check: Love in the time of Corona? Know the truth behind this viral image,fake
GOVERNMENT,Surge in COVID-19 cases in Sikkim due to gross violations of lockdown guidelines: CM,real
VIOLENCE,Fact Check: Leopard Attack In Hyderabad Claimed 2 Lives?.Church in Pakistan burnt in revenge against New Zealand shooting? Fact Check,fake
POLITICS,"Call assembly session or public will lay siege to Raj Bhavan, Gehlot tells Rajasthan governor",real
ELECTION,Bihar elections: Political parties strengthen their position; RJD seems to pursue NDA-ally LJP,real
VIOLENCE,Fact Check: Viral money shower video has no link to PM Modi's election victory celebration,fake
VIOLENCE,Jaitley tells CBI to avoid adventurism & concentrate only on bulls eye in Kochhar probe,real
COVID-19,"Global Gender Gap Index: India Ranks 108 Of 144 Countries, Down 21 Places From 2016",fake
COVID-19,2 drivers of apple laden trucks shot dead by terrorists in Shopian,real
TERROR,ICMR says its Twitter handle Û÷compromisedÛª,real
VIOLENCE,"Rajnath Singh Right On North-East Violence Claim, Wrong On Naxal Incidents Claim",fake
MISLEADING,"Fact check: No, the white-tailed deer was not spotted on the beach in Odisha.Fact Check: Was a leopard spotted in Banjara hills of Hyderabad ?",fake
VIOLENCE,"No, this video of an explosion is not from the Iranian...",fake
POLITICS,"Locust problem: India proposes joint response, Pakistan yet to reply",real
COVID-19,How multiple Twitter handles changed their religion overnight to support CAB,fake
VIOLENCE,Video Game Clip Viral As Drone Attack On Iranian General Soleimani,fake
GOVERNMENT,"Avalanche hits Army post in J-K, soldier killed",real
MISLEADING,"Old and unrelated video viral as Chinese reading the Quran.Fake Bengali video goes viral, wrongly cited by Hindu group",fake
POLITICS,"Fact Check: No, this is not the son of IB operative Ankit Sharma killed in Delhi riots",fake
GOVERNMENT,IAF plane flies 10-hour marathon sortie from Srinagar to Thiruvananthapuram,real
POLITICS,Fact Check: Fake news of Pakistan pilot urinating in F-16 cockpit shared as Dawn report,fake
MISLEADING,Fact Checked: No! Sushma Swaraj hasnt been appointed as Andhra Pradeshs...,fake
COVID-19,"Toaster, pen drive, laptop, CCTV camera  EC is keeping up with new-age poll symbols",real
COVID-19,DonÕt blame entire community: BJP minister on Tablighi Jamaat COVID-19 link,real
POLITICS,"Cyclone Nivar: PM Modi speaks to TN and Puducherry CMs, assures of all help",real
TERROR,UP government sacked teacher for submitting fake B ED degree 20-years ago,real
VIOLENCE,"No, Muslims Did Not Vandalise Swami Vivekananda's Statue In UP",fake
GOVERNMENT,DonÕt believe this viral picture of PM Modi touching Akbaruddin OwaisiÕs...,fake
VIOLENCE,Kerala govt recommends CBI inquiry into death of man found in well after 24 days of protests by family,real
COVID-19,False claim: Israel gifted India river-cleaning machines to clean Ganga and Godavari,fake
COVID-19,Top 5 News Trends in India | 7 December 2020,fake
VIOLENCE,Film producer booked for letting loose his 5 dogs on Hyderabad police,real
COVID-19,"Fake: 25,000 Indian soldiers have not returned Shaurya Chakra medals in support of farmers",fake
COVID-19,"FAKE Alert: Chinese Prez Xi Jinping?s picture, in connection with COVID-19,....From The Government's U-Turn On Fake News To Fake Images During Bharat ...",fake
COVID-19,Fact check video: Picture of housing project in Bangladesh shared as Mamataâs scheme for slum dwellers,fake
GOVERNMENT,Viral Fake DragonAir Aircraft Video And Other News You Almost Believed,fake
TERROR,ICSI CS Foundation result 2019 to be declared soon at icsi.edu | HereÕs how to check your results,real
MISLEADING,From UPA Inviting A Taliban Leader In 2013 To A Viral Video From...,fake
VIOLENCE,These pictures of earth were NOT sent by Chandrayaan 2,fake
TERROR,"Now, Punjab withdraws general consent to CBI",real
TRAD,"Committed to farmer welfare, says govt, cites ï¿½assuredï¿½ MSP at 1.5 times production cost",real
TRAD,Indiaï¿½s natural gas use has returned to pre-Covid levels,real
VIOLENCE,UP govt lethargic in Gaurav Chandel murder case: Priyanka Gandhi,real
COVID-19,"Fact Check: No, The Government Is Not Giving A Relief Fund Of â¹5,000 To Each Citizen Amid Lockdown",fake
VIOLENCE,"Hathras case: Victim's family objected to her relationship with accused; attacked by family, says village head",real
COVID-19,Was this man hanged for stealing money from banks and giving....From UP Police Arresting Donkeys To RBI Warning About Fake 2000-Rupee...,fake
GOVERNMENT,Dont believe this video of women protestors being paid for CAA...,fake
COVID-19,India May Start Vaccinating People Against COVID-19 In January: Harsh Vardhan,real
GOVERNMENT,Did Mamata Banerjee say she would commit suicide if Modi gets re-elected? Fact Check!,fake
MISLEADING,Fake Billboards Pics Welcoming Rahul Gandhi To UAE Viral,fake
TERROR,"GDP estimated to grow at only 5 per cent during 2019-20, slowest in 11 years",real
POLITICS,Colonel among 20 soldiers killed on LAC,real
COVID-19,Fact Check: Did UAE offer Rs 700 crore for Kerala floods?.Fact Check: Did India Take No Loans From World Bank Between 2015 And 2017?,fake
ELECTION,"Petrol, diesel prices hiked for 10th day in a row; Sonia Gandhi writes to PM Modi demanding rollback",real
COVID-19,"Fact Check: Central Govt Isn't Providing Jobs Under 'Ek Parivar Ek Naukri' Scheme.Modi govts Char Dham project in Uttarakhand gets an African facelift, except its not real",fake
POLITICS,Picture of man peeing on PM Modiï¿½s poster is FAKE,fake
VIOLENCE,"2018 video of ?Dhol Tasha? performance in Spain, being shared as....Old Video From Gujarat Shared Falsely As Rohingya & Bangladeshi...",fake
ELECTION,"RJD manifesto promises to scrap farm laws, Tejashwi explains 10 lakh jobs arithmetic",real
GOVERNMENT,"17-year-old girl raped, mutilated body found near dried-up pond; 2nd case from UP district in 10 days",real
VIOLENCE,Fact Checked: Old video of violence from Pakistan reshared as J&K,fake
GOVERNMENT,"Jaswant Singh ï¿½ communicator, crisis manager, man of letters and a student of history",real
VIOLENCE,Fact Check: Mock drill video from Bhagalpur jail shared as Coronavirus...,fake
COVID-19,"Fact Check: No, these EVMs in Bihar were not meant for rigging polls",fake
COVID-19,Ronnie Screwvala tweets about Covid vaccine quota for Parsis; Adar Poonawalla replies,real
TERROR,Karnataka to soon roll out Maralu Mithra app to buy sand at fixed price,real
VIOLENCE,FACT CHECKED: Anti-terrorism drill video from Germany shared as gun attack...,fake
GOVERNMENT,Fact Check: Viral post about India losing a Rafale jet in...,fake
VIOLENCE,Man arrested for stating talaq thrice to wife in Hyderabad,real
COVID-19,FAKE Alert: Beef flavoured Maggi is NOT being sold in India.Maggi Noodles Sold In India Does Not Contain Beef: Nestlé India,fake
VIOLENCE,Fact Check: Incident Of Honor Killing Falsely Shared As 'Love Jihad' Case,fake
GOVERNMENT,No! TrumpÕs son wasnÕt sporting this T-shirt; hereÕs the fact check,fake
VIOLENCE,Video Game Clip Falsely Shared Again As 'Turkish Airline Escaping...,fake
GOVERNMENT,Only 800 farmersÕ loans waived by the Karnataka Govt: PM Modi...,fake
VIOLENCE,"COVID-19 patient tries to escape from hospital in UP's Moradabad, falls to death from third floor",real
COVID-19,The speech given by Mahua Moitra in the Lok Sabha is not stolen from someoneâs article,fake
ELECTION,"Day after Delhi violence, farmer unions raise ï¿½Deep Sidhu murdabadï¿½ slogans, call him traitor",real
TRAD,Fact Check: Rajasthan has NOT issued directive to make BR Ambedkarï¿½s...,fake
VIOLENCE,Fact Check: Dont fall for this morphed picture of Uddhav Thackeray...,fake
POLITICS,"Pranab MukherjeeÛªs health remains critical, still on ventilator support: Hospital",real
ELECTION,Bihar CM shares stateÛªs sustainable development efforts at UN climate roundtable,real
MISLEADING,Misleading reports claim Shaheen Bagh empty post AAP win in Delhi election,fake
COVID-19,"Maharashtra records 3,214 new COVID-19 cases, 248 deaths",real
VIOLENCE,Fact Check: Old video of overcrowded train in Bangladesh passed off as Shramik Special. Fact Check: Photo of Eid procession in Bangladesh passed off as CAB protest in Mumbai,fake
MISLEADING,Fact Check: False claims of Rajiv Gandhi at Ram temple bhoomi pujan go viral.Fact Check: False claims of Rajiv Gandhi at Ram temple ?bhoomi pujan? go viral,fake
COVID-19,Fact Check: Was Nehru Slapped In Public Due To His Controversial Speech On 'Aryans'?,fake
VIOLENCE,Video Of An Art Installation Falsely Shared As TN Politician's...,fake
TRAD,"ï¿½Gaddar, bikauï¿½ ï¿½ Congress campaign buzzwords in MP bypolls to target Scindia, defector MLAs",real
VIOLENCE,Fact Check: Is this the video of US drone strike that killed Iranian general Soleimani?,fake
VIOLENCE,Top Bollywood producers move HC for curbs on 2 news channels,real
COVID-19,Fact Check: This woman did not undergo 17 surgeries to look...,fake
ELECTION,Haryana election 2019: Sonia asks Hooda to negotiate with JJP chief Dushyant Chautala,real
ELECTION,"Bhumi Pujan: RSS chief Mohan Bhagwat recalls contribution of LK Advani, Ashok Singhal",real
GOVERNMENT,Independence Day celebration: Gujarat govt to felicitate 50 Covid warriors today,real
POLITICS,"No, This Is Not Atal Bihari Vajpayee's Niece; Debunked Claim Revived. Fact Check: No, Ranu Mondal Didn't Demand Church Land In Ayodhya",fake
ELECTION,"Bengal BJP chief says Islamic radicalisation, Naxal threat rising, asks Amit Shah to intervene",real
COVID-19,We have to live with COVID-19: Delhi Health Minister,real
GOVERNMENT,Rebel AAP leader Alka Lamba sees empty chairs at a BJP rally that wasnÕt,fake
ELECTION,Bihar records 58.92% voter turnout for 5 Lok Sabha seats in phase 4,real
POLITICS,Iâll Make Kyrgyzstan No. 1 Country In The World: Modi,real
GOVERNMENT,119 more mandis added to e-NAM portal in Rajasthan,real
GOVERNMENT,How a delay in Ram temple hearing could help or harm BJPï¿½s 2019 poll prospects,real
COVID-19,Fact Check: This picture of a boy kicking Amar Jawan memorial...,fake
VIOLENCE,Fact Checked: Dont believe this FAKE picture of PM Modi standing...,fake
POLITICS,Did police lathi-charge at the protesters outside MP CM Kamal NathÕs...,fake
GOVERNMENT,"With switch from ï¿½Jai Shree Ramï¿½ to ï¿½Jai Ma Durgaï¿½, BJP is tapping into the Bengali emotion",real
COVID-19,"No, the model in the photograph has not entered the Guinness Book of World Records for having the Darkest Skin Tone on Earth.No, This Is Not A Picture Of An IAS Topper Introducing Her Father",fake
COVID-19,ANI UP Misquotes Noida Police; Adds Tablighi Jamaat To Tweet,fake
VIOLENCE,"Hall of shame Ð Serial abusers, sexist bigots, rumour mongers followed by PM Modi on Twitter",fake
MISLEADING,Fact Check: Who Is Paying For Migrants' Train Tickets To Return To Their Homes?,fake
GOVERNMENT,Karnataka imposes night curfew from 10 pm to 6 am till January 2,real
GOVERNMENT,Fact Check: Obama's tweet snubbing PM Modi over farmers' protest is morphed,fake
POLITICS,US proposal on H-1B visas may hit Indians,real
COVID-19,World Health Organization confirmed 'protocol' on COVID-19 lockdown is fake.2013 Photo Of WB Chief Secretary Revived With COVID-19 Spin,fake
MISLEADING,Fact Check: Was BJP leader Pankaja Munde in tears after losing in Maharashtra polls?. Fact Check: BJP?s Pankaja Munde was not crying over her defeat...,fake
GOVERNMENT,Farm laws have potential to represent step forward for agricultural reforms in India  IMF,real
VIOLENCE,"Delhi court pulls up riots accused, represented by lawyer Mehmood Pracha, for ï¿½playing fraudï¿½",real
POLITICS,This video of car explosion is not from India; heres the...,fake
ELECTION,"Bihar in mind, EC moots online filing of papers",real
TRAD,Burqa controversy shows Shiv Sena mouthpiece Saamana not always Uddhav Thackerayï¿½s voice,real
ELECTION,Rahul Gandhi has natural dislike for truth: Jaitley hits back in Lok Sabha over Rafale,real
COVID-19,"GSI Rubbishes 3000-Tonne Gold Reserves Claim In UP, Says It's 160 Kg",fake
COVID-19,Fake: Govt has not sold Indian Oil Corporation to Adani Group,fake
ELECTION,Madhya Pradesh: Shivraj Singh Chouhan govt expands cabinet with 5 ministers amid Coronavirus outbreak,real
COVID-19,"ÔGood thingÕ RamdevÕs Patanjali has new medicine for Coronavirus, but needs Ayush Ministry ÔpermissionÕ: Union minister",real
ELECTION,BJP MLA Raja Singh says he has no Facebook account after being banned,real
ELECTION,Kerala Congress faction to keep away from UDFÕs no-trust motion,real
ELECTION,"GHMC polls: BJP releases manifesto, promises free vaccination, wifi, water",real
COVID-19,"Steady dip, positivity below 8% for 4th day",real
VIOLENCE,Video of unidentified drunk man shared as BJP leader Sudhanshu Trivedi,fake
TRAD,"Fact Check: Does this photograph show Japanese doctors arriving in Wuhan, China?",fake
GOVERNMENT,Payal Ghosh calls #MeTooIndia movement 'fake',real
GOVERNMENT,Fact Check: Don?t Fall For This Morphed Picture Of A Man.... Fact Check: Don?t fall for this morphed picture of Amit Shah...,fake
POLITICS,Rajasthan assembly passes 3 bills to counter Centre?s farm laws,fake
VIOLENCE,3 civilians injured in grenade attack in KashmirÕs Baramulla,fake
COVID-19,"ISRO developing green propulsion for human space mission, says chairman K Sivan",real
VIOLENCE,Football Hooliganism Being Shared As Muslims Rioting & Other News You...,fake
COVID-19,"Bharat bandh has mixed response, most impact in Punjab, Haryana",real
COVID-19,How India is gearing up for Covid-19 vaccine roll out,fake
TERROR,"Covid chaos, high prices push Indias 2020 gold imports to lowest since 2009",real
POLITICS,"Lesson from Karnataka bypoll results ï¿½ a united front can stop Modi, says Congress",real
MISLEADING,Fact Check: The Government is not reintroducing the FRDI Bill; hereÕs...,fake
VIOLENCE,NCB arrests Rhea Chakraborty to 'unravel drugs nexus'; sent to judicial custody till Sept 22,real
ELECTION,"Oppn, BJP clash as Anurag Thakur slams Nehru to defend PM Cares Fund",real
COVID-19,"NEET-UG on Sunday; isolation rooms for symptomatic candidates, 15.97 lakh to take test",real
COVID-19,Coronavirus updates: Western UP health department sets up control room to report suspected cases,real
VIOLENCE,Rhea ChakrabortyÕs complaint is attempt to take revenge: Sushant RajputÕs sisters,real
MISLEADING,Fact Check: Murder Of Student In Hyderabad Shared With Misleading Communal Claims.Fact Check: Fake names of Hyderabad rape accused go viral with communal twist,fake
COVID-19,"Fact Check: Hima Das has not yet qualified for the 2021 Tokyo Olympics.Fact Check: No, Harvard University did not give credit to 2019 Kumbh Mela over 2014 FIFA World Cup",fake
COVID-19,Coronavirus: Latest updates on COVID-19 crisis,real
VIOLENCE,Image of injured woman from Muharram procession shared in the backdrop of JNU studentsÕ protest,fake
POLITICS,Digitally-created artwork showing a hurricane shared as powers of âBuddhist Godâ,fake
VIOLENCE,IndiaÕs Carbon-Dioxide Emissions Up 4.7% In 2016,fake
VIOLENCE,Punjab Police arrests Ôone of the biggest drug smugglers of IndiaÕ from Haryana,real
ELECTION,ÔListen to peopleÕs voice to save democracyÕ: Ashok GehlotÕs message to MLAs ahead of Assembly session,real
MISLEADING,Fact Check: Old Picture Of Protest Circulated As Recent One Against...,fake
GOVERNMENT,BJP ally in UP says will part ways if social justice recommendations not implemented,real
GOVERNMENT,"Û÷Cyclonic stormÛª likely to reach coastal states of Maharashtra, Gujarat next week: IMD",real
COVID-19,37 UK returnees test positive for Covid in Kerala,real
TERROR,Ex-AG Rohatgi refuses to represent TikTok,real
COVID-19,"2,008 fresh COVID-19 cases take Delhi tally to 1,02,831; death toll climbs to 3,165",real
GOVERNMENT,Union minister Prakash Javadekar assures MSP will stay,fake
ELECTION,"Gujarat MP Mansukh Vasava quits BJP, says his mistakes shouldnt hurt party",real
VIOLENCE,Dont believe this FAKE picture of former UP CM Akhilesh Yadav,fake
VIOLENCE,This is an AFP photo of a policeman threatening a child with a baton during clashes in Bangladesh in 2010,fake
COVID-19,Kejriwal: Delhi To Impose Lockdown In COVID-19 Hotspot Markets If Surge...,real
COVID-19,"Fact Check: No, Mr Tharoor this photo of Jawaharlal Nehru, Indira Gandhi is not from US",fake
MISLEADING,Fact Check: Old Video Of Liquor Being Distributed Shared As Recent...,fake
GOVERNMENT,Fact Check: Has UP CM Yogi Adityanath Ordered Shutting Down Of...,fake
VIOLENCE,Fact Check: Photo Of Charred Woman Shared With False Communal Claims,fake
ELECTION,"KM Mani, former minister & key figure in Keralas coalition politics, dies at 86",real
POLITICS,Amit Shah to be in Parliament today after COVID victory,real
GOVERNMENT,"Set to complete a year in office, Hemant Soren begins review of state depts",real
VIOLENCE,WHO warned against eating cabbage as Coronavirus remains the longest on....Video of China Burying Pigs is Old and Not Related to Corona Virus.,fake
VIOLENCE,"BJP MLA, Anil Upadhyay, paraded naked for eve-teasing? Here?s the truth.Fact Check: Is this boy kissing a girl publicly Sakshi Mishra's brother?",fake
POLITICS,Photo from MP shared as Hanuman idol found at allotted site for mosque in Ayodhya,fake
MISLEADING,Has Maharashtra Govt cancelled Conveyance Deeds? Fact Check.Fact Check: Is Telangana Government Distributing Ramadan Gifts Despite Lockdown?,fake
VIOLENCE,Fact Check: Viral photo of atrocities on this woman is not related to love jihad,fake
COVID-19,ESIC issues guidelines against Covid-19,real
MISLEADING,Fact Check: COVID-19 Cure Claims In UP Board's Class 12 Textbook Are False,fake
VIOLENCE,Sadhus took out rally in support of CAA? Dont fall for...,fake
POLITICS,Did Obama endorse Akhilesh Yadav for the Prime Minister of India?....Did Akshay Kumar Ask People To Donate To An Army Welfare Fund?: A...,fake
GOVERNMENT,Do Not Be Fooled By This Scaremongering Video. It Is Riddled With Misinformation About the COVID-19 Situation.,fake
POLITICS,"A decade after juntaÕs end, Myanmar military back in control",real
TERROR,"JEE Main 2020: Online registration process to begin tomorrow at jeemain.nic.in, all details here",real
VIOLENCE,"Fact Check: This Batman wanted to save the city, but the video is not from Capitol Hill",fake
POLITICS,"Monsoon hits Kerala, to be above normal: IMD",real
MISLEADING,"Fact Check: No, this chaiwala is not the brother of Yogi Adityanath.Fact Check: Has Sardar Vallabhbhai Patel Airport Been Renamed As Adani...",fake
COVID-19,Does Drinking 'Kashayam' Cure COVID-19? A Factcheck,fake
ELECTION,ÔNeed to fix accountability in stateÕ: Priyanka Gandhi on Kanpur shootout incident,real
COVID-19,"No, Pakistani flags were not waved at Rahul Gandhiâs pre-nomination roadshow in Wayanad",fake
ELECTION,Manohar Lal Khattar elected leader of BJP Legislature Party,real
TRAD,Fact Check: Did US VP-elect Kamala Harris start her term with...,fake
COVID-19,1 in 8 Covid positive Indians currently sick as recoveries surge,real
POLITICS,"Former President Pranab MukherjeeÛªs condition worsens, remains on ventilator support: Hospital",real
GOVERNMENT,The transformation claim attached to this picture is FAKE; heres the...,fake
MISLEADING,Fact Check: Fake news about DCPâs death in Delhi violence goes viral,fake
TERROR,"Union Territories of Jammu and Kashmir, Ladakh depicted in new map of India",real
COVID-19,72 families in south Delhi quarantined after pizza delivery boy tests positive for Coronavirus,real
TERROR,PNB receives Rs 24 cr from US bankruptcy proceedings of 3 Nirav Modi-promoted companies: MCA,real
ELECTION,Lok Sabha MP Rajendran of AIADMK party killed in car accident,real
VIOLENCE,Fact Checked: Old picture of a cop breaking an old manÕs...,fake
GOVERNMENT,Punjab to allow district-wise relief from lockdown to farmers for harvesting of Rabi crops: CM Amarinder Singh,real
VIOLENCE,Viral video of US airstrike that killed Qassem Soleimani is from a video game,fake
VIOLENCE,Fact Check: Video of destruction caused by Cyclone Fani shared as...,fake
GOVERNMENT,Fact Check: Akshay Kumar did not book an entire flight for...,fake
COVID-19,Mobile technology to be used for COVID-19 vaccination drive: PM Modi,real
VIOLENCE,Fact Check: Old video of street brawl linked to Eid celebrations,fake
GOVERNMENT,ITBP troops walk 25 km in 8 hours to carry home body of pony operator in Uttarakhand,real
ELECTION,"Ahead of polls, Bihar BJPÛªs culture wing releases posters seeking Û÷justice for Sushant Singh RajputÛª",real
POLITICS,PM ModiÛªs private secretary Rajeev Topno moves to World Bank,real
POLITICS,"India, Pakistan to hold talks on Kartapur corridor today",real
ELECTION,"List reflects political realignment: More BJP-led mills, but NCP-led mills get higher amount",real
GOVERNMENT,"In Varanasi, robots to help enforce lockdown",real
GOVERNMENT,Have PM Modi and Rajasthan CM Ashok Gehlot formed an alliance?...,fake
TERROR,"Sai Baba, Mahalaxmi temples in Maharashtra donate to CM Relief Fund for COVID-19 victims",real
POLITICS,"No, farmer leader VM Singh whose net worth is Rs 600 cr is not Congress leader",fake
GOVERNMENT,Leopard kills 7-year-old girl in GujaratÕs Dahod district,real
COVID-19,Fake 1000 Rupee Note And Other News You Almost Believed,fake
ELECTION,"Congress meets Sachin PilotÕs demands, sacks Rajasthan in-charge Avinash Pandey, forms 3-member panel",real
VIOLENCE,India Today Uses 2-Year-Old YouTube Video To Report Pakistani Mortar...,fake
COVID-19,Did PM Modi promised to spend Rs 100 Crores to build mosques in Maldives? Fact Check!.Fact Check: Ambanis to help Kangana with Rs 200 crore for new studio?,fake
COVID-19,Acknowledge community transmission: IMA to Centre,real
GOVERNMENT,Û÷Neighbour KattaÛª enables Maharashtra hamlet kids study amid lockdown,real
ELECTION,Lok Sabha members demand national plan to deal with pollution,real
POLITICS,Fact Checked: Unnao rape accused Kuldeep Sengar did not threaten BJP...,fake
GOVERNMENT,Did Smriti Irani call goddess Durga a sex worker? Heres the...,fake
GOVERNMENT,Kashmir reports first Coronavirus death as 65-year-old man dies at Srinagar hospital,real
COVID-19,"IndiaÕs Coronavirus cases cross 5000-mark, death toll rises to 149 amid uncertainty over lockdown",real
COVID-19,You can fill petrol to the maximum limit of your car....JetBlue is NOT giving away free tickets; don?t fall for the...,fake
GOVERNMENT,"Amid tight security, first phase polling for Chhattisgarh rural bodies today",real
VIOLENCE,Video Of A Man Beating His Infant Daughter In Saudi Arabia Viral With...,fake
POLITICS,"Rahul Gandhi: âThere Were No Pokemons To Catch, So I Slept In Parliamentâ",real
VIOLENCE,No Communal Angle In UP Temple Priest's Death,fake
VIOLENCE,Old images and videos of farmer protests shared as recent,fake
MISLEADING,Job listing attributed to World Health Organisation is Fake!,fake
COVID-19,Rajnath Singh off to Russia for Victory Day military parade,real
VIOLENCE,3 killed as cyclone Nivar hits TN coast; tropical storm weakens from very severe to severe,real
GOVERNMENT,Fresh ops underway to find bodies of 2013 Kedarnath flash flood victims,real
TERROR,Madras University UG degree re-totalling result 2019 declared at unom.ac.in | Check now,real
VIOLENCE,Video from Sri Lanka shared as Muslims beaten in a detention centre in Assam,fake
ELECTION,"Jawaharlal Nehrus precious legacy is being undermined daily, says Sonia Gandhi",real
ELECTION,NO! This man did not get plastic surgery to date his ex-girlfriend;...,fake
COVID-19,"Covid-19 cases rise in Goa, CM expresses concern",real
COVID-19,"Dr ReddyÕs asked to resubmit application for both phase 2,3 trials of Russian COVID-19 vaccine",real
VIOLENCE,Video Of A Couple Swimming In Their Flooded Home Is Not From Delhi,fake
VIOLENCE,"Supreme Court judge, family quarantined after cook tests positive for coronavirus",real
COVID-19,Death toll in south Mumbai building collapse rises to nine,real
MISLEADING,Fact Check: FCI says article on news websites regarding food grains going waste is misleading.Fact Check: Misleading claim on controversial FRDI Bill goes viral with old video,fake
COVID-19,Fact Check: Has Emperor Ashoka?s distorted statue been discovered in Patna?....Fact Check: Are these photographs of Earth really sent by Chandrayaan-2?,fake
GOVERNMENT,Is this a picture of Muslim Congresswoman at a AlÕ Qaida...,fake
GOVERNMENT,"Pegwant Mann swears off liquor, but notorious AAP MP has had too many drunk incidents",real
VIOLENCE,"This video of children being beaten in a Cage is from Porbandar, Gujrat",fake
MISLEADING,"Facebook User Posting Islamophobic, Sexist Posts Pretended To Be L&TFS ...",fake
ELECTION,"Amid opposition uproar, Centre stays passing of RTI (Amendment) Bill in Rajya Sabha",real
COVID-19,Coronavirus outbreak: India closely monitoring situation in China; students ÔtrappedÕ in Wuhan,real
GOVERNMENT,Country's Economy Can't Run Without Involving Every Section: Rahul Gandhi,real
POLITICS,Ex-Pak major shares 10-yo photo as Indian army men who died in LoC ceasefire violation,fake
VIOLENCE,Private Member Bill On Population Control Falsely Shared As Government ...,fake
POLITICS,"Global outreach, internal motivation: The crux of PM Modis Buddha Purnima speech",real
POLITICS,PM condoles death of Omars uncle; praises decision on no gathering,real
VIOLENCE,"Man stripped naked, beaten for ÔteasingÕ minor girls in viral video is not Muslim",fake
POLITICS,"China suspends visas to India, four other countries",real
VIOLENCE,"Women, including senior citizens, made to do sit-ups by police in Rajasthan",real
MISLEADING,Fact Check: Pictures showing two suns in the sky are false,fake
POLITICS,Kamala Harris as VP candidate: How she adds to Democratic Party,real
GOVERNMENT,"No, this is not a ârareâ video of young Narendra Modi doing Yoga",fake
ELECTION,"BJP uses MGR pic, ADMK says: use your own leaderÕs",real
VIOLENCE,Fact Check: This video of Muslims licking cutlery is NOT related...,fake
MISLEADING,Fact Check: Is The Man Praising PM Modi In This Video...,fake
VIOLENCE,Fact Check: Video Of A Man Brutally Being Thrashed Shared With Communal Claim,fake
GOVERNMENT,"Odisha: WomanÕs mutilated body found, face smashed in",real
POLITICS,Mahad Building collapse: Timely warning by two 5th floor residents helped save many lives,real
VIOLENCE,"Section 144 not a tool to suppress difference of opinion, repetitive orders Ôabuse of powerÕ: SC",real
TERROR,"Army draft policy for rehab of local militants pending with govt, says senior Army officer",real
GOVERNMENT,JNU protests: Section 144 imposed as students march towards parliament,real
GOVERNMENT,"Yogi Adityanath blasts Noida administration officials, transfers DM; Suhas LY to take charge at 10 pm",real
VIOLENCE,Rape accused acquitted after 12-year-old survivor remains untraceable,real
GOVERNMENT,"Fact Check: Dont fall for this old picture, it has nothing...",fake
MISLEADING,"Fact Check: No, Donald Trump did not mock George Floyd?s death;....Fact Check: There is no jhoot in Yogi's claim about Donald Trump",fake
GOVERNMENT,The truth behind Mamataâs appeal to âvote for BJPâ,fake
GOVERNMENT,Fact Check: Photo Of PM Modi Alongside A Lady Shared Claiming Her To Be Jashodaben,fake
MISLEADING,Fact Check: Don't trust the viral message about no toll charges for 12 hours journey,fake
GOVERNMENT,"Rakesh Tikait says he does not know Rihanna, Greta Thunberg, but welcomes their support",real
VIOLENCE,Is this the childhood picture of Alibabas Jack Ma? Heres the...,fake
GOVERNMENT,"Delhi mohalla clinics wont be shut, shops offering essential services to be open 24×7: Kejriwal",real
GOVERNMENT,HereÕs the truth about the picture of Narendra Modi with Indira...,fake
POLITICS,Fact Check: Has China switched to âMade in PRCâ tag after #BoycottChineseProduct began trending in India?,fake
MISLEADING,Fact-check: Owaisi has no links with the main suspect in Dishas rape-murder.Fact Check: This is not the juvenile involved in Nirbhayas gang rape and murder,fake
GOVERNMENT,Protesting farmer unions reject govt proposal to put farm laws on hold for 1.5 years,real
POLITICS,India should recalibrate China policy,real
POLITICS,Did Captain Amarinder Singh kick out Navjot Singh Sidhu from the Ministry? Fact Check!.Fact Check: Is BJP's Shivraj Singh Chouhan going to take on Digvijay Singh in Bhopal?,fake
GOVERNMENT,Congress uses 2011 image to portray PM ModiÕs constituency Varanasi in poor state,fake
VIOLENCE,"Railways Protection Force arrests 14 touts, recovers tickets worth over Rs 6 lakh",real
ELECTION,"Dare opposition to topple Maharashtra government, steering wheel in my hand: Uddhav Thackeray",real
GOVERNMENT,Congress leaders falsely share photo of luxurious aircraft as PM Modi?s Boeing 777 plane,fake
COVID-19,Maharashtra: Three-time MLA Bharat Bhalke dies of post-Covid complications,real
VIOLENCE,"Man shot during allotment of ration shop in Ballia, officials suspended",real
VIOLENCE,"SC issues notice to Centre, IRDA on plea seeking health insurance for mental illness",real
GOVERNMENT,FIFA President didnt gift football jersey to PM Modi with Modi...,fake
GOVERNMENT,"Army Chief General MM Naravane begins 6-day visit to UAE, Saudi Arabia",fake
POLITICS,Expanding Security Council is UNGA PresidentÛªs priority,real
GOVERNMENT,DonÕt believe this picture of a JNU student with a FAKE...,fake
POLITICS,"Constitutional & legal experts say Governor committed impropriety, Cong and NCP seek his recall",real
POLITICS,Samajwadi Party workers did not shout ÔPakistan ZindabadÕ at Mumbai railway station,fake
COVID-19,Fact Check: This Sudanese model didnt marry herself after getting fed up of men,fake
VIOLENCE,"Negligible impact of Bharat Bandh in Agra but heavy police deployment at district borders.AAP to hold peaceful protest at ITO in support of Bharat Bandh, says Delhi minister Gopal Rai",fake
COVID-19,"COVID-19 may push millions more children into child labour: ILO, UNICEF",real
VIOLENCE,UP Police will seek custody of PFI student wing leader Rauf Shareef: Officer,real
MISLEADING,Fake News Or Real News? Media With An Agenda. Hoax Messages About Social Media Surveillance And Other News You...,fake
ELECTION,Cable TV code could be the model as Modi govt drafts guidelines for OTT content,real
MISLEADING,Fact Check: Viral video claiming to be Bhedaghat Falls in Madhya Pradesh is FALSE,fake
ELECTION,Shivraj Chouhans women empowerment pitch  kanya puja before every govt event,real
VIOLENCE,BJPs polling agents were not tortured in Bengal; this picture is...,fake
ELECTION,Congress hands drenched with Sikh blood: BJP after Sonia demands Amit Shahs resignation,real
VIOLENCE,Fact Check: Old anti-CAA protest in Kolkata goes viral as Bihar?s opposition to PM Modi.Fact Check: Is this the school bus anti-CAA protesters targeted in Delhis Seelampur?,fake
VIOLENCE,Khalistan supporters gatecrashing Congress event in London resurfaces with false claim,fake
COVID-19,"IndiaÕs Covid tally crosses 82 lakh mark, recovery rate stands at 91.68 per cent",real
VIOLENCE,Old Images Shared As 'Proof' Of BJP's Role In College Street Violence,fake
GOVERNMENT,ÔNot afraid of resigningÕ: Punjab CM Captain Amarinder Singh presents draft resolution against farm laws,real
COVID-19,AI likely to get 2 custom-made B777 planes for VVIP travel by September,real
COVID-19,"Over 20 lakh recoveries, death rate further declines to 1.91%",real
ELECTION,ÔGovt behaving in prejudiced mannerÕ: NCPÕs Supriya Sule on MaharashtraÕs RD tableau being rejected,real
COVID-19,Video of Russian rocket viral as failed launch test of Pakistanâs Ghaznavi missile,fake
VIOLENCE,Kerala officer quizzed in gold smuggling case,real
ELECTION,Hung verdicts to slim NDA majority  what opinion polls have said about Lok Sabha elections,real
TERROR,HSSC SI exam results 2019 declared at hssc.gov.in | Scrutiny of documents to be conducted on August 23,real
POLITICS,Modi to co-chair India-Asean summit,real
GOVERNMENT,Fact Check: This Photo Of Haryana CM ML Khattar With Former...,fake
VIOLENCE,SC to hear BSF ex-trooperÕs plea against Modi poll win after Diwali,real
MISLEADING,Another FAKE video of RaGa on farmersÕ loan is misleading social...,fake
VIOLENCE,Video of remote-controlled plane shared as Rafale jet,fake
POLITICS,Fact Check: Congress womenâs wing targets âGujarat Modelâ over dowry lesson but with the wrong photo,fake
COVID-19,Fact Check: Condom brand Durex no way related to JNU stir,fake
ELECTION,"3 days on, new MP cabinet members yet to get portfolios. Tug of war on for plum ministries",real
GOVERNMENT,"No, New York Times did not say that PM Modi has caused war-like damage in Pakistan",fake
POLITICS,Home Ministry will present fresh facts on Ishrat Jahan case,fake
TERROR,Not Indian language  VHP tells Travancore Devaswom Board not to appoint Arabic teachers,real
COVID-19,"One-Third Of Elementary Schools In India Had No Female Teacher In 2012-13. 1 in 2 Women Aged 15-49, 1 in 2 Pregnant Women In Rural Areas Anaemic In 2015-16",fake
ELECTION,Chirag Paswan's picture with PM sparks speculation,real
ELECTION,How RSS was impacted by the ban after Mahatma Gandhis assassination,real
VIOLENCE,"Over 450 take ill in Andhra, chemical in pesticides suspected to be behind illness",fake
GOVERNMENT,How Artificial Intelligence Can Detect Ð And Create Ð Fake News,fake
VIOLENCE,Fact Check: 2013 Picture Of RSS Relief Work Following Uttarakhand Floods....Fact Check: Old images of US forest fires passed off as crisis in Uttarakhand,fake
ELECTION,ÔNo point in taking part when top leadership is under detentionÕ: NC on upcoming J-K polls,real
GOVERNMENT,Fake quotes by global leaders praising PM Modi circulate on social media,fake
POLITICS,"No, a ÔyogiÕ wasnÕt found alive in meditative state 300 years after his burial",fake
COVID-19,Fact Check: These Pictures Depicting Trail Of Devastation Left Behind By...,fake
POLITICS,"Economic recovery stronger than expected, but surge in Covid cases key risk ï¿½ RBI governor",real
GOVERNMENT,"Temple run, books, meetings: What Yogi, Mayawati, Maneka & Azam Khan did during EC ban",real
VIOLENCE,"Patanjali chasing profits, exploiting peoples fear: Madras HC",real
MISLEADING,Fake: Taiwan has not shot down a Chinese SU-35 aircraft,fake
TERROR,Releasing Rana on bail will strain ties with India: US attorney,real
GOVERNMENT,Oppn parties support TuesdayÕs Bharat Bandh; farmer unions say their stir now spread across country,real
MISLEADING,Fact Check: Claims About Birds Dying Due To Jios 5G Testing...,fake
COVID-19,Fact Check: Old Picture Of Unrest In Srinagars Batmaloo Area Shared...,fake
GOVERNMENT,Dont believe these fake claims about this amphibious aircraft,fake
VIOLENCE,Fact Check: Old anti-CAA protest in Kolkata goes viral as Bihars opposition to PM Modi,fake
TERROR,Govt sensitive to environmental concerns  Hardeep Puri on SC nod to Central Vista project,real
VIOLENCE,Video from Chhattisgarh showing police thrashing biker shared with false claim,fake
COVID-19,PM Modi reviews preparedness of Covid-19 vaccine delivery strategy,real
COVID-19,Fact Check: Don't fall for Domino's anniversary offer of free pizza,fake
GOVERNMENT,This picture of a kid covered in blood is NOT from...,fake
GOVERNMENT,Leh-based Fire and Fury Corps of Army gets new head,real
TRAD,"Even Indian retail investors are playing with GameStop, US videogame stock thatï¿½s gone wild",real
VIOLENCE,"Unable to bear pain, fan of actor Sushant Singh Rajput commits suicide",real
VIOLENCE,Old video from China shared as Zee News employee assaulting doctor in hospital,fake
VIOLENCE,Fact Check: This video of illegal voting is not from Biharï¿½,fake
GOVERNMENT,"Will try to prioritise CAA implementation before 2021 Bengal polls, says BJPï¿½s Vijayvargiya",real
COVID-19,Rare bandtail scorpionfish found off Sethukarai in Gulf of Mannar,real
GOVERNMENT,Fact Check: Platform Ticket Of Pune Junction Digitally Morphed To Show Railway Is Owned By Adani,fake
VIOLENCE,DNA Special: TRP racket is big bad blot on journalism,real
VIOLENCE,"Migrant workers gather at Mumbais Bandra station, demand permission to go hometown; lathicharged by cops",real
GOVERNMENT,Delhi Jal Board extends bill waiver scheme by 3 months till Sept 30,real
POLITICS,Fact Check: Old Pictures Of Scuffle Between BJP Workers Shared With...,fake
POLITICS,"No, this is not a video of Indian Prime Minister Narendra Modi campaigning in Hyderabad.No, this is not a photo of Indian Prime Minister Narendra Modi at the 2019 Kumbh Mela festival",fake
VIOLENCE,This is not Sophie Trudeau appealing to urging people to stay home to avoid ending up seriously ill with COVID-19.Angry citizens did not place a naked statue of Trump in New York city due to his inability to contain COVID-19 situation.,fake
POLITICS,"Rebel AAP leader Alka Lamba sees empty chairs at a BJP rally that wasn?t.No, this video does not show a crowd chanting the name of Prime Minister Narendra Modi at a political rally of the Indian National Congress Party",fake
MISLEADING,Fact Check: Did a Chinese engineer in Karachi beat a Pakistani....Fact Check: Netizens fall for satirical post of Chinese man thrashing Pakistani in Karachi,fake
GOVERNMENT,Maharashtra: Nashik farmers protest CentreÛªs ban on onion exports,real
VIOLENCE,Gujarat HC grants bail to key accused in Una flogging,real
ELECTION,"Congress hits out at senior leaders for speaking out, Bishnoi slams Ghulam Nabi Azad",real
VIOLENCE,Kerala MP gives privilege notice against Aviation Minister Puri on Trivandrum airport lease,real
TERROR,Ladakh disengagement not yet complete: MEA,real
VIOLENCE,"Helping law enforcement agencies in news channel TRP probe, says BARC",real
COVID-19,Drinking hot water and steam inhalation help contain Coronavirus? Fact Check.Fact Check: Can gargling with warm salt water prevent Coronavirus?,fake
POLITICS,700 fake job offers thwarted by Indian embassy in UAE,fake
ELECTION,"Congress Working Committee Meeting: Û÷Unanimously resolved to strengthen hands of Sonia, Rahul GandhiÛª",real
VIOLENCE,"Commercial complex collapses in Ahmedabad; 1 dead, 2 rescued",real
GOVERNMENT,NIA unearths plot to make Bengaluru fake currency hub,fake
POLITICS,Nine killed in fire at Telangana power plant,real
GOVERNMENT,Delhi HC refuses to grant permission for Chhath Puja celebration at public places due to COVID-19,real
VIOLENCE,"ED summons to Farooq Abdullah part of BJPï¿½s coercive measures, says National Conference",real
MISLEADING,Fact Check: Covid-19 rumours about Hyderabad hospital circulate on social media.Fact Check: False Rumours Of Kapil Dev's Death Circulate On Social Media,fake
VIOLENCE,"SC refuses to interfere with Calcutta HC order banning crackersÕ use, sale",real
ELECTION,Jharkhand Assembly polls: P Chidambaram appeals to voters of state to defeat BJP,real
COVID-19,ÒModi destroying old termite ridden banyan treeÓ: Write-up falsely ascribed to Mark Tully,fake
ELECTION,"NCP to contest Bihar assembly elections, releases list of 40 star campaigners",real
COVID-19,"Air pollution, hypertension among top-five risk factors for death in India in 2019: Study",real
ELECTION,"Backed by Opposition, Punjab Assembly passes Bills against CentreÕs farm laws",real
ELECTION,The 4 scenarios for rebel Karnataka MLAs who are waiting for SC ruling on disqualification,real
COVID-19,96 pc candidates appear for JEE-Advanced amid strict COVID-19 precautions,real
VIOLENCE,Media bodies slam authorities for Û÷curtailingÛª press freedom,real
TERROR,Buildup several times bigger than 1962 war,real
COVID-19,"Arunachal, Meghalaya announce mini lockdowns as COVID-19 continues to surge",real
COVID-19,Fake: Army not being deployed in Mumbai to enforce lockdown,fake
COVID-19,Fact Check: British Airways is NOT shutting down; don?t fall for....FactCheck Alert: From Yellow Line Rule That Lets You Avoid Toll To...,fake
GOVERNMENT,Free entry for women at monuments across country on WomenÕs Day,real
ELECTION,"In Madhya Pradesh bypolls, BJP ahead in 17, Congress leading in 9 out of 28 seats",real
VIOLENCE,Police didnÕt thrash this man over vehicle checking; hereÕs the truth...,fake
POLITICS,No! Kiran Bedi is not the Governor of J&K; hereÕs the...,fake
MISLEADING,"Baba Ramdev To Build Radiation Shield For Mangalyaan-2.Fact Check: No, UP CM Yogi Adityanath did NOT burn crackers...",fake
GOVERNMENT,Digvijaya Singh shares photo of ambulances from Andhra as neglect of healthcare by Yogi govt,fake
COVID-19,"No, Hamid Ansariâs budget was not six times that of the President",fake
VIOLENCE,Video from Romania falsely shared as Muslims spitting inside Paris metro train,fake
POLITICS,"?65,250cr Black Money Recovered, Be Prepared To Receive ?522 In Your Account Any Time",fake
MISLEADING,Fact Check: Govt Claim Of India's Forex Reserves Booming At $418.9 Bn & FDI Jumping To $60 Bn In.... All Savings Under Section 80C To Be Taxed Too At Withdrawal- Govt.,fake
ELECTION,"Goa fudging data to declare villages as ODF, says CongressÕ Kamat",real
MISLEADING,Was AAP MLA Amanatullah Khan part of a mob that torched buses on December 15? Ð A fact-check,fake
MISLEADING,This I-Day forward on Whatsapp is not forging your fingerprint.ISIS is not trying to hack your WhatsApp profile picture,fake
COVID-19,Americas Got Talent sequence was NOT choreographed to Sandese Aate Hai,fake
POLITICS,"No, Karnataka DGP Who Allegedly Faced Mamta Banerjee's Ire Did Not Get Transferred.Pratap Sarnaik ? crorepati Shiv Sena MLA raided by ED was once an autorickshaw driver?",fake
ELECTION,"Election stunt: BJP, CPIM attack West Bengal governments flagship Duare Sarkar event",real
VIOLENCE,Fact Check: Video of street play claiming to be of TMC candidate goes viral. Fact Check: Man in viral video inside polling booth is from TMC and not BJP,fake
ELECTION,"Get your act together, Rahul Gandhi warns Gujarat leaders as infighting boils over",real
ELECTION,EC to announce schedule of bypolls at ÛÏappropriate timeÛ,real
GOVERNMENT,PM Modi didnÕt touch Mukesh AmbaniÕs feet; hereÕs the truth,fake
VIOLENCE,Bangladesh Video Shared As Muslims Rioting In West Bengal,fake
COVID-19,Fact Check: TTD faux pas is TRUE.Fact Check: Snapdeal is not giving away Tata Strome car,fake
GOVERNMENT,HPKVN starts skill register data to provide employment opportunities,real
VIOLENCE,Dont believe warning messages that claim your Facebook account has been...,fake
GOVERNMENT,Fact Checked: Wing Commander AbhinandanÕs father has NOT joined Congress,fake
POLITICS,Fact Check: Did Mamata?s goons attack Hindus at a BJP rally in Kolkata?.Fact Check: Did Rahul Gandhi goof-up on paddy price during Chhattisgarh rally?,fake
COVID-19,Changes being made in all sectors for country's growth: Modi,real
COVID-19,The information on âDeposit Insurance Coverâ released by RBI in 2017 is currently being circulated as the latest information issued by the Bank,fake
ELECTION,"AIADMK gags cadres, says leadership will decide on Û÷CM nomineeÛª",real
VIOLENCE,2017 Movie Clip Showing A Shark Pulling Down A Chopper Shared As Real,fake
POLITICS,AsÌ? piensan los latinos de la ConvenciÌ?n DemÌ?crata y la candidatura de Joe Biden,real
VIOLENCE,Delhi Police registers 22 FIRs in connection with farmersï¿½ tractor rally,real
ELECTION,"Not a tenant, but equal citizen: Owaisi hits back at Uttar Pradesh CM Yogis nizam barb",real
GOVERNMENT,Modi govt introduces bill to replace ordinance regularising Delhis unauthorised colonies,real
GOVERNMENT,Û÷Amit Shah model vs Kejriwal model in Delhi todayÛª: AAP govt protests CentreÛªs quarantine order,real
COVID-19,"At 109% LPA, 2020 monsoon saw third highest rains after 1994 and 2019",real
ELECTION,Why minister C.T. Ravi wanted casinos in Karnataka but took a U-turn on the proposal,real
POLITICS,"ÔWatching India-China standoff in Ladakh closely, important to work with like-minded partnersÕ: US",real
MISLEADING,Fact Check: Statement Related to Farmers Protest Falsely Attributed to US...,fake
MISLEADING,Fact Check: Truth behind the viral video that claims conspiracy by BJP to change EVMs,fake
MISLEADING,Fact Check: Video of a woman shooting Gandhis effigy being circulated...,fake
MISLEADING,Fact Check: This is not Bruce Lee playing ping-pong with Nunchaku,fake
MISLEADING,Fact Checked: HereÕs the truth about Priyanka GandhiÕs viral video,fake
COVID-19,Clipped image of e-paper shared with false claim of RBI scrapping Rs 2000 note after Dec 31,fake
ELECTION,"Hours after heartland loss, Modi govt sends SOS to Intelligence Bureau for 2019 polls",real
VIOLENCE,"Don?t believe this viral message, RBI in not closing nine public....Old, Unrelated Video Shared Claiming Kerala Police Crackdown On...",fake
VIOLENCE,People in Kerala attacking CAA supporters in a rally? HereÕs the...,fake
TRAD,Fact Check: Is viral image of Indonesian doctor who died with COVID-19 true?,fake
TERROR,"Indian Army rescues 3 Chinese nationals who lost their way in north Sikkim; provide help, medical assistance",real
VIOLENCE,Video from Pakistan falsely viral as Muslims punished in India for flouting lockdown,fake
TERROR,"Amid buildup, next India-China meet on LAC hotspot Depsang",real
MISLEADING,Coronavirus: Viral Forward Promising Free Masks Is Fake,fake
VIOLENCE,Indian Army didnÕt set houses on fire in Kashmir; hereÕs the...,fake
POLITICS,"PM Modi kicks off US tour, meets CEOs from energy sector",real
GOVERNMENT,Does the Temple banner says that Shudra and Muslims not allowed in the temple ? Fact Check!.Does the Sun rise inside the Konark Temple in Orissa? Fact Check,fake
GOVERNMENT,"Goods like newspapers, milk, groceries can be transported during lockdown: Centre",real
COVID-19,Û÷India taking big step towards being self-reliant in energyÛª: PM Modi on launch of auction of 41 coal mines,real
ELECTION,"BJP-Shiv Sena set to repeat its 2014 magic in Maharashtra, leads in 41 of 48 seats",real
GOVERNMENT,"Bharat bandh hits normal life in Bihar, situation peaceful in Rajasthan",real
POLITICS,"Modi to visit Assam, West Bengal on Feb 7",real
VIOLENCE,Fact Check: Image from 2017 rally in Rajasthan shared as recent Haryana protest.2018 Images From Protest In Lucknow Revived With Unemployment Twist,fake
VIOLENCE,Former PM Manmohan Singh discharged from AIIMS,real
COVID-19,"In Hyderabad civic polls, test for TRS-AIMIM ?friendship? as BJP makes it key plank",fake
VIOLENCE,Fact Check: Image of injured Syrian child passed off as victim of Delhi violence. Fact Check: Old image of injured mother and child from Gaza passed off as brutality in Kashmir,fake
GOVERNMENT,"Why railways Dedicated Freight Corridor was delayed, and how it could be a game-changer",real
MISLEADING,Fact Check: WhatsApp Forwards Claim Mullaperiyar Dam In Kerala About...,fake
POLITICS,Legion of Indian students stranded in UK requests for evacuation at earliest,real
TERROR,CBSE to rationalise syllabus by up to 30 pc for classes 9 to 12 to make up for academic loss,real
MISLEADING,Fact Check: Was Rahul Gandhi listed as the seventh most educated...,fake
MISLEADING,Fact Check: Man did not attempt suicide after governments decision of...,fake
VIOLENCE,Old report of BJP Gujarat govtÕs demolition drive that erased 50 temples shared as recent,fake
GOVERNMENT,All states need to emulate ÔDelhi modelÕ to control spread of Coronavirus: Union minister,real
GOVERNMENT,Photoshopped image of Amit Shah-Mamata Banerjee meeting shared on social media,fake
VIOLENCE,Picture of GoTs Arya Stark shared as Kashmiri girl; heres the...,fake
VIOLENCE,"Indiaï¿½s life expectancy is 68 years, but thousands of Telangana voters are 2017 years old",real
TERROR,MP firm booked for Rs938-crore loan fraud,real
COVID-19,Fake: Viral poster claims Rahul GandhiÕs DNA doesnÕt match Rajiv GandhiÕs,fake
GOVERNMENT,Varanasi boatman surprised by Priyanka Gandhi VadraÕs gesture of sending gifts for his daughterÕs wedding,real
GOVERNMENT,Fact Check: Is it Kangana Ranaut vs Shabana Azmi once again? Not really!,fake
VIOLENCE,HereÕs the truth behind this Ôrare clipÕ of Bruce Lee playing...,fake
VIOLENCE,Gazing into the crystal ball: A compilation of Subramanian Swamy?s predictions for the future,fake
GOVERNMENT,Did Indian Muslim family watch Pak PMs UN speech? Heres the...,fake
POLITICS,"No, these photos do not show Hindus being attacked by 'goons' working for an Indian state's chief minister.Media Agencies Present Incomplete Information, Saying 'US Backs India's New Farm Laws'",fake
GOVERNMENT,"Ex-CM of Gujarat Dilip Parikh dies at 82, PM extends condolences",real
ELECTION,"Jairam Ramesh, Rajeev Gowda and Pawan Khera to lead Congress panels formed for 2019 polls",real
GOVERNMENT,Did Boris Johnson meet journalists after his recovery from COVID-19? HereÕs...,fake
GOVERNMENT,Loan waiver for students could be part of Congressï¿½ 2019 manifesto,real
TRAD,Fact Check: False claim that SC motto has changed from ï¿½Satyamev...,fake
POLITICS,Khalistan Flag Hoisted At Red Fort? A FactCheck,fake
GOVERNMENT,Himachal Pradesh restricts social gatherings to 50 people,real
VIOLENCE,7-Year-Old RT Clip On Islamic Party Demanding Sharia In Belgium Viral...,fake
TERROR,Haryana Chief MinisterÕs flying squad uncovers Rs 26 lakh fraud in construction of dam,real
VIOLENCE,Fact Check: This heartbreaking video of 6-year-old pushing stretcher in hospital is not from Bihar,fake
POLITICS,Infiltrators will be thrown out of country by 2024 through NRC: Amit Shah,real
GOVERNMENT,"You need driving licence, tourist permit? Shell out more money and everything can be done",fake
POLITICS,Govt to sack employees who got jobs with fake certificates,fake
MISLEADING,Fact Check: COVID-19 Cure Claims In UP Board's Class 12 Textbook Are...,fake
TERROR,Tiger cub named after Ladakh hero Col Santosh Babu,real
COVID-19,"With Over 2.9 Million Members This Pro-Modi Facebook Group Is A Fake....2.8 Mn Indians Displaced Internally In 2016, Third-Highest Globally",fake
VIOLENCE,CBI raids Bengaluru office of Amnesty International over alleged violation of FCRA,real
GOVERNMENT,"Union Cabinet approves bonus for Central Govt employees, over 30 lakh to benefit",real
MISLEADING,Modi supporters release a list of ÒDonÕtsÓ for the Nation,fake
VIOLENCE,The image has been doctored -- the original photo shows police protesting an unrelated issue in 2019,fake
GOVERNMENT,6 farmers held over protest during BJPÕs tractor rally in Amabala,real
POLITICS,How Priyanka Gandhi and Congress helped Kafeel Khanï¿½s family move to ï¿½safeï¿½ Rajasthan,real
COVID-19,"COVID-19 tally may not reach 5.5 lakh by July end, but need to see how virus behaves in monsoon: Verma",real
COVID-19,Gen Naravane conferred honorary rank of General of Nepali Army,real
COVID-19,Government approves higher rewards for NCC cadets,real
COVID-19,"10,667 new cases take India's corona tally to 3.43 lakh",real
ELECTION,Nine YSRCP MPs havenï¿½t asked any questions in the 17th Lok Sabha,real
MISLEADING,Fact Check: Did Bill Gates And Dr Anthony Fauci Violate Social Distancing Norms?.Fact Check: Viral post saying Bill Gates violated social distancing norms is misleading,fake
MISLEADING,Fact Check: Video Viral With Claim Of Karnataka Medical Officials Fake Covid Vaccination. Fact Check on Website allegations over Coronavirus Fund by Telugu actor Vijay Devarakonda,fake
VIOLENCE,"Sandalwood drugs case: Bengaluru Police suspend ACP, constable for leaking crucial info",real
GOVERNMENT,"Did Kabir, Nanak and Gorakhnath Ôsit togetherÕ and discuss spirituality as claimed by PM Modi?",fake
TERROR,Insolvency Code Amendment On Cards To Ensure NCLT-Approved Plans Are Obeyed,real
ELECTION,"Bhim Army chiefs Varanasi bid a BJP conspiracy to divide Dalit votes, says Mayawati",real
ELECTION,Haryana looks headed for a hung assembly as Congress throws up a surprise,real
GOVERNMENT,"Building Ram temple shouldnï¿½t be as complicated as Kashmir conflict, Shiv Sena tells BJP",real
MISLEADING,"Fact check: No, police did not stop auto carrying 24 people amid lockdown. Fact Check: Did a policeman get beaten up while enforcing corona lockdown?",fake
POLITICS,CongressÕ Man Friday Pranab Mukherjee receives Bharat Ratna,real
POLITICS,India?s Politicians Unite Against Transparency!,fake
MISLEADING,Viral audio clip by PhonePe and KYC expiration message by Paytm is fake!,fake
POLITICS,Will try to resume international flights before August: Civil Aviation Minister Puri,real
ELECTION,"Akalis, BJP plan tie-up for Haryana assembly elections for the first time",real
ELECTION,Malda TMC mocks BJPs door-to-door Yogi drive,real
COVID-19,"NEP will sow seeds for starting a new era, give new direction to 21st-century India: Modi",real
POLITICS,Scotch-Brite criticised for gender marker logo; company's marketing head replies,real
TERROR,Hot oil helps fuel Tiger Woods at The Northern Trust,real
COVID-19,Û÷Step to gain trustÛª: J&K L-G launches grievance redressal portal,real
COVID-19,Karnataka imposes travel restrictions for people coming from Maharashtra,real
VIOLENCE,Robbery attempt communalised as Kali idol vandalised in Bengalâs Siliguri,fake
GOVERNMENT,Fact Check: PM ModiÕs claim about improved strength of Indian passport,fake
ELECTION,Madhya Pradesh BJP leader moves SC against HC order for virtual campaigns alone,real
VIOLENCE,This video has no connection with the traffic challan,fake
GOVERNMENT,"After resolving to stay put at Haryana border, Ugrahan group now says will march to Delhi",real
MISLEADING,Fact Check: Truth behind the viral video of Hindu girl set ablaze in Madhya Pradesh,fake
MISLEADING,Fact Check: Viral Post Attributes False Statement On Schools Reopening To Education Minister. Fact Check: Viral post saying Bill Gates violated social distancing norms is misleading,fake
GOVERNMENT,"Overruling own decisions, Baghel govt spares Tatas Rs 200 crore penalty",real
TRAD,"For many in Karnataka BJP, new chief Nalin Kateel isnï¿½t popular or influential enough",real
VIOLENCE,Mob beat-up a mentally challenged young man after suspecting him of being a child-thief.A mentally challenged youngster was beaten up by the mob who mistook him to be a child kidnapper.,fake
POLITICS,No! Sarfaraz did not bring a gun on the field; hereÕs...,fake
GOVERNMENT,Andhra Pradesh releases special package to revive industry,real
GOVERNMENT,How BJPï¿½s alliance partner JJP hurt it the most in Haryana,real
TRAD,Uttarakhand flash flood ï¿½ 53 bodies recovered so far as rescue operations continue,real
VIOLENCE,Trial in 2008 Malegaon blast case resumes,real
VIOLENCE,UP: Village headman held after video showing him beating up man goes viral,real
COVID-19,Serum Institute gets nod to resume Oxford Covid vaccine trials in India,real
VIOLENCE,"No stay on CAA, NPR; SC grants Govt 4 weeks to reply, restrains HCs from passing orders",real
VIOLENCE,"Hurt by the way students were treated, IÕm with them: VC Jamia Milia Islamia",real
TRAD,Pratap Sarnaik ï¿½ crorepati Shiv Sena MLA raided by ED was once an autorickshaw driverï¿½,real
ELECTION,Biggest upset in Jharkhand elections  CM Raghubar Das losing to his ex-minister Saryu Roy,real
VIOLENCE,Kerala HC allows minor rape victim to abort 21-week pregnancy,real
GOVERNMENT,Singhvi: Not apt to comment once Sonia has spoken,real
MISLEADING,The vicious cycle of fake images in Basirhat riots,fake
COVID-19,Fact Check: Did Jamiat Ulema-e-Hind Write To Sonia Gandhi Against.... Fact Vs Fiction: Did Narendra Modi Sell Tea & Did Rahul Gandhi Enter A ...,fake
VIOLENCE,Fact Check: Dont Fall For Morphed Time Magazine Cover Of Joe...,fake
TERROR,"Not protection of rights, but murder of rights: Trans community on bill passed in Rajya Sabha",real
ELECTION,Kamal Nath asks for Ôfloor test on date fixed by SpeakerÕ in meeting with Governor amid MP crisis,real
GOVERNMENT,"Bid to assure: MSP up for six crops, BJP tells MPs to spread the word",real
VIOLENCE,SC upholds HC order on CentreÕs exotic animals scheme,real
MISLEADING,Fact Check: Is Ujjwala Yojana Really A âRoaring Successâ As Claimed By The Govt?,fake
COVID-19,"More beds, curbs in Gujarat as Covid cases cross 2 lakh",real
GOVERNMENT,Options running out fast for BiharÕs Chanakya,real
POLITICS,India intensifies locust control as FAO says more outbreaks expected,real
TERROR,Tamil Nadu: 7 held for forcing Dalit to fall at OBC manÕs feet,real
POLITICS,Press Council of India member resigns citing deep crisis in media,real
GOVERNMENT,BJP MLA Karni Singh vandalised Ambedkars statue? Heres the truth,fake
VIOLENCE,"Fact Check: Are These Photos Of Women Being Shared On Social Media Of.... No, these are not photos of Sonia Gandhi in her youth",fake
ELECTION,Interview: Haryana BKU Chief | Û÷Dushyant Chautala should snap ties with ally BJPÛª,real
GOVERNMENT,"With SC yet to decide on their fate, Karnatakaï¿½s rebel MLAs want bypolls to be delayed",real
ELECTION,Delhis Muslim voters say the provocation is real but wont fall for BJP game-plan,real
ELECTION,"Family feud in INLD takes a dire turn, OP Chautala expels grandsons Dushyant and Digvijay",real
GOVERNMENT,"14 home-bound migrant labourers killed in two road accidents, nearly 60 injured",real
POLITICS,Did BJP MPs in seven constituencies get 211820 votes? Heres the...,fake
VIOLENCE,2015 Photo Falsely Shared As Amit Shah Visiting COVID-19 Patients,fake
ELECTION,Ekta booked for Û÷obscenityÛª in web series,real
ELECTION,"Uma Bharti not happy with Shivraj Chouhans new cabinet, says she wasnt consulted",real
GOVERNMENT,"Nitish raises Biharï¿½s special status issue again, leaves ally BJP wondering whatï¿½s next",real
VIOLENCE,Fact Check: Dont fall for this tweet falsely attributed to Sachin...,fake
VIOLENCE,This video of Boris Johnson has circulated in media reports since August 2018.This video has circulated online since 2017 in reports about a military operation in Kashmir,fake
GOVERNMENT,"Delhi man skips motherÕs funeral, feeds needy hit by coronavirus lockdown",real
POLITICS,Are lawyers exempted from paying toll tax? Heres the truth,fake
COVID-19,"Fact Check: This website of a 'government' scheme for Rs 50,000 aid is fake",fake
GOVERNMENT,"I wear abuses as jewels, says PM Modi in chat with 25 lakh chowkidars",real
COVID-19,"7 Punjab hospitals, PGI picked for carrying out plasma trials",real
COVID-19,"India, Bangladesh begin 3-day naval exercise today",real
ELECTION,"COVID-19 fight cant be excuse to amend labour laws, exploit workers: Rahul Gandhi",real
POLITICS,"Sushma SwarajÕs daughter Bansuri, presents Re 1 coin to lawyer Harish Salve, fulfils her last promise",real
TRAD,"Devi Lalï¿½s family on top of Haryana politics again, with fourth-gen dynast Dushyant Chautala",real
VIOLENCE,Fake: Unrelated Video Goes Viral As That Of Kathua Case Suspect,fake
TRAD,BJP happy as SC allows rebel MLAs to contest but Yediyurappaï¿½s real challenge starts now,real
VIOLENCE,Yechury downplays gold smuggling racket,real
GOVERNMENT,Opposition parties give suspension notice in Rajya Sabha over farmersï¿½ protest,real
MISLEADING,"Did Hyderabad Police ban kite flying? No, truth is different!",fake
POLITICS,Fact Check: Twisted data about rapes become hot issue before Bengal election,fake
VIOLENCE,Uber taxi rape: Tout who forged CC for accused driver arrested,fake
GOVERNMENT,"Wife pregnant, but disability keeps penniless railway worker from reaching home",real
VIOLENCE,Fact Check: Old Photos Revived To Claim Police Brutality During Recent .... Fact Checked: 297 birds died in The Netherlands but not due...,fake
GOVERNMENT,"SGPC task force rough up protesters outside its office, Punjab minister terms it Û÷heinous crimeÛª",real
POLITICS,Bengal not given time slot to speak at PM session: Reports,real
ELECTION,Double standards: Opposition slams Centre over foreign envoysÕ J-K visit,real
VIOLENCE,Case against journalist who shot video of students having roti with salt in Uttar Pradesh,real
TERROR,India lashes out Pakistan for blocking all avenues for effective remedy in Kulbhushan Jadhav case,real
GOVERNMENT,"Fact Checked: This journalist didnÕt say this, itÕs fake",fake
ELECTION,Countries once praised for their handling of coronavirus are struggling to deal with new outbreaks,real
ELECTION,"Opposition parties question setting up of PM CARES Fund, allege it lacks transparency",real
MISLEADING,"U'Khand floods: Couple fakes death of kids, gets compensation",fake
GOVERNMENT,Paresh RawalÕs gaffe exposes partyÕs social media tactic,fake
ELECTION,"Govt shouldnt have risked Tendulkar, Lata Mangeshkars reputation, says Raj Thackeray",real
GOVERNMENT,Old video of man sleeping with cheetahs from South Africa shared now with false claim. This video shows an animal rights activist with cheetahs in South Africa in 2019,fake
POLITICS,Fact Check: The news behind Indian woman soldier dying in Kashmir is fake,fake
COVID-19,"Deaths rising, Punjab to house high-risk patients in hotels",real
TERROR,Students protesting at Hyderabad University detained at varsitys main gate,real
GOVERNMENT,"Cites excessive moisture: CCI refuses to buy cotton, Karjan farmers protest outside APMC",real
MISLEADING,Fact Check: Doctored video of CNN screen with Pornhub notification during...,fake
MISLEADING,Fact Check: Satirical post about Shiv SenaÕs Ônew logoÕ goes viral,fake
ELECTION,"We will emerge as winners, don't fall prey to rumours: Maanayata Dutt on Sanjay Dutt",real
POLITICS,Congress leader Acharya Pramod shares old image as Brahmans burning BJP flags,fake
VIOLENCE,Jamia violence: Student in the CCTV footage is not the one injured in Jamia shooting,fake
GOVERNMENT,Farmers' agitation: US lawmakers voice support,real
TERROR,US-made jackets for soldiers in Ladakh,real
COVID-19,Honey adulteration: Food regulator meets CSE experts to discuss data,real
GOVERNMENT,Fact Check: Is This Anna Hazares Picture With PM Modi? Heres...,fake
POLITICS,"DGCA approves 12,983 weekly domestic flights during winters",real
VIOLENCE,Fact Check: Viral WHO warning of Nipah virus outbreak in India is two years old.Did No. Of Child Rape Cases in India Increase 82% From 2015 To 2016?,fake
VIOLENCE,Video from Brazil showing man assaulting young girl shared as Rajasthan,fake
GOVERNMENT,"Centre, states cross hurdle over sharing of GST revenue",real
VIOLENCE,Video of mentally-challenged man falsely accused of child-kidnapping viral on social media,fake
VIOLENCE,Video of Indians in Spain celebrating Ram Mandir construction is from 2018,fake
TRAD,Gyan Dev Ahuja: The moustachioed ï¿½Muslim-haterï¿½ BJP just dropped in Rajasthan,real
ELECTION,"ï¿½Loosen first, tighten laterï¿½ ï¿½ How China interrupts market freedoms with tough crackdowns",real
GOVERNMENT,PM Modis mother doesnt have Nehrus portrait at her house,fake
MISLEADING,Did Japan construct an emergency road within 24 hrs? HereÕs the...,fake
VIOLENCE,Ola officials summoned in connection with fraud case through app manipulation,real
GOVERNMENT,"Home-deliver ORS, folic acid in containment zones, states told",real
COVID-19,"As cases surge, Delhi struggles hard to tackle third wave of...",real
VIOLENCE,Chhattisgarh: BSF constable hangs self at unit camp in Kanker,real
GOVERNMENT,"ÔSeeing our plight, our children no longer want to become farmersÕ",real
ELECTION,"JD(S) is not stupid, merging with BJP would be suicide, says former Karnataka CM Kumaraswamy",real
COVID-19,"No, This Is Not A Photo Of Motilal Vora Touching Rahul Gandhiâs Feet",fake
VIOLENCE,Meena Kumari A Victim of Triple Talaq Is Fake News: A FactCheck,fake
VIOLENCE,Fake Cheque Purporting To Show Nirav Modi's Donation To Congress Viral ....Does This Video Show JNU Students Chanting Expletives On Campus? A...,fake
VIOLENCE,COVID-19: Couple Photographed At Spain Airport Shared As Deceased.... Fact Check: Astronaut & Bicycle Carved On A Cathedral In Spain Shared...,fake
POLITICS,"As monsoon session starts, PM Modi says govt willing to take up any issue in Parliament",real
ELECTION,Congress partyï¿½s minimum-income scheme for the poor is short on funding details,real
COVID-19,Fact Check: 7.25 Cr Toilets Built In Last 4 Yrs v/s 6.5 Cr Toilets Built During 1947-2014,fake
VIOLENCE,Video Of Nature's Beatbox Lyrebird Viral With Bizarre Claim,fake
VIOLENCE,Fact Check: Dont fall for this morphed picture of US President...,fake
GOVERNMENT,"TDP asks Andhra CM wear facemask in public, asks him to lead by example",real
VIOLENCE,Blast in SasaramÕs mosque claiming more than 100 bombs recovered is...,fake
VIOLENCE,Congress state units compare Gujarat migrant exodus with Partition using 2010 photo,fake
MISLEADING,"Fact Check: Designated Hyderabad COVID-19 Centre, Gandhi Hospital Overwhelmed With Patients?.Fact Check: Is this the school bus anti-CAA protesters targeted in Delhis Seelampur?",fake
MISLEADING,Fact Check: Mughal Gardens At Rashtrapati Bhavan Renamed To 'Dr. Rajendra Prasad Garden',fake
GOVERNMENT,DonÕt fall for these Ôtakeaways from IMF Webinar chaired by Raghuram...,fake
GOVERNMENT,"Kerala: Death toll in Idukki landslide reaches 48, dozen more missing; search ops enter 4th day",real
GOVERNMENT,Picture showing Aamir Khan as an atheist and an opponent of....Old Video Of Godman Rampal's Supporters Protesting Against Aaj Tak...,fake
COVID-19,Fact Check: Are Modi Government's Claims On India's FDI Inflows True?,fake
MISLEADING,"The Claim that Nagpur Medical hospital deliberately did a post mortem on a man who was alive with the intention to remove his kidneys is Fake..Fact Check: Doctor attacked in Kolkatas NRS hospital is doing fine, his death is a hoax",fake
MISLEADING,Fact Check: NASA has nothing to do with this edited image of the suns surface,fake
ELECTION,"Mahagathbandhan is an incoherent alliance of rich dynasties, says PM Modi",real
COVID-19,84 personnel deployed in Tamil Nadu Raj Bhavan test coronavirus positive,real
VIOLENCE,Fact Check: Old tampered video of Muharram goes viral with anti-RSS slogan. Hoax: Old News Of Plastic In Snickers Chocolate Bar Resurfaces,fake
COVID-19,Fact Check: #BoycottMyntra Trends On Social Media In Backdrop Of Old Cartoon Not Made By Myntra.Fact Check: Social media raps a flawed tune. Eminem is not down with coronavirus,fake
POLITICS,"Fact Check Video: No, this green flag in a Congress rally is not a Pakistani flag",fake
POLITICS,Scientists strike note of caution as Û÷Made in IndiaÛª vaccine programme gains momentum,real
GOVERNMENT,"For power, Nitish Kumar will bow before Tejashwi after polls if needed, says Chirag Paswan",fake
MISLEADING,'TIME...to go' Cover Featuring Donald Trump Is Fake,fake
VIOLENCE,"No, this video does not show armed men forcing people to attend a political rally in the Indian city of Kolkata.No, this video does not show police in Delhi blocking an ambulance to make way for the motorcade of Indias opposition party chief",fake
POLITICS,IndiaÕs talks with nations pushing for Taiwan at WHO meet rattles China,real
GOVERNMENT,Rescinded order to ensure CBI not misused: Maharashtra minister,real
POLITICS,"ÔBook wormÕ to ÔwandererÕ, BJP showcases ModiÕs 70 avatars ahead of 70th birthday",real
MISLEADING,Fact Check: VideoAmanpreet Kaur of passengers arguing over social distancing is not from Air India flight,fake
ELECTION,"RSS in 2015, SC in 2020  quota row hits Bihar polls again but heres why BJP isnt worried",real
COVID-19,"No, Priyanka Gandhi Vadra Is Not Hugging 'Naxal Bhabhi' In This Photo",fake
VIOLENCE,Video Of Crowd Thrashing Drunk Constable Shared As BJP Supporters...,fake
POLITICS,The Ayodhya Case Timeline: Events Leading Up To The Historic Judgment,real
POLITICS,Are the Muslims intentionally licking the cutlery and plates on Eid for the Hindus to eat in it ? Fact Check!,fake
COVID-19,India betting on 30% cap on digital transactions to avoid tech monopolies like in the West,real
POLITICS,Rahul does not attend parliamentary committee meetings on defence but 'demoralises' armed forces: Nadda,real
VIOLENCE,"ACB raids KAS officerÕs house in Bengaluru, unearths gold",real
VIOLENCE,SIT visits Hathras victimÛªs family at Bulgarhi again; to probe alongside CBI,real
GOVERNMENT,Gujjar stir: Bainsla sets Saturday deadline for govt offer,real
VIOLENCE,"Modi thanks ?silent voters? for Bihar victory, gives warning to those ?killing BJP workers?",fake
POLITICS,Why the Modi factor could push KCR to rush through elections in Telangana,real
GOVERNMENT,Fake tweet depicts Sambit Patra comparing PM Modi with Turkish warrior Ertugrul,fake
COVID-19,India has been a reliable partner in global supply chain: Ambassador Sandhu,real
MISLEADING,Viral Ram Mandir bhoomi pujan preparation video is an old one from Hyderabad,fake
COVID-19,Fact Check: Still from popular TV Series ÔThe Walking DeadÕ falsely...,fake
POLITICS,Farmer union claims central agency has flagged NRI donations in bid to defeat agitation,real
GOVERNMENT,MHA asks states/UTs to allow free inter-state movement of trucks supplying essentials during lockdown,real
ELECTION,"Noteban, Û÷faultyÛª implementation of GST, lockdown Û÷destroyedÛª IndiaÛªs economic structure: Rahul Gandhi",real
GOVERNMENT,Congress twitter handle shares old video as public outrage in PM Modiâs Jaipur rally,fake
COVID-19,Images of Ursula Andress from James Bond movie posted as Sonia Gandhi,fake
ELECTION,ÔElections were in full swing and Rahul Gandhi was on picnicÕ: RJD leader blames Rahul for election defeat,real
POLITICS,Fact Check: Don't fall for this morphed CNN visual claiming Covid vaccine turns people into zombies,fake
VIOLENCE,Kerala elephant death: Plea in SC seeks probe by CBI or SIT,real
VIOLENCE,"No, this video does not show piles of cash seized from TN MLA Velumaniâs godown",fake
MISLEADING,"Website impersonates official EPFO portral, âoffersâ Rs 80,000 benefits",fake
POLITICS,"China reacts cautiously to mounting boycott calls of its products in India, says it values ties",real
POLITICS,Mata Amritanandamayi Devi ÔAmmaÕ wishes PM Modi on Raksha Bandhan,real
VIOLENCE,Dont believe this picture of a man urinating on mural of...,fake
VIOLENCE,Video Showing Aid Denied To Hindus In Bangladesh Shared As India,fake
POLITICS,"With switch from Jai Shree Ram to Jai Ma Durga, BJP is tapping into the Bengali emotion",real
COVID-19,"Lets sit across each other with a Live Camera, Ravishâs message to PM after raids on Prannoy Royâs residence",fake
COVID-19,Fact Check: Are sea turtles making beeline for Mumbai beach after cleanup?,fake
VIOLENCE,Pakistan is sharing old video of Indian cops thrashing people claiming itÕs at a mosque,fake
VIOLENCE,This old photo was taken during a March 2011 protest in the northern Indian city of Lucknow.Fact Check: Photo of Eid procession in Bangladesh passed off as CAB protest in Mumbai,fake
POLITICS,Twitter users foxed by multiple accounts impersonating Mahua Moitra,fake
VIOLENCE,"Fictional story: Muslim boy elopes with ÔHindu JainÕ girl, Muslims terminated from jobs, girl returned",fake
GOVERNMENT,"Did Kanhaiya Kumar say slain Naxals are ÔmartyrsÕ? No Ð old, clipped video viral",fake
VIOLENCE,Video from Hyderabad viral as police arresting people in Assam after NRC,fake
GOVERNMENT,Fact Check: Old picture of PM Modi with Kyrgyzstan President shared...,fake
GOVERNMENT,Photoshopped image circulated to malign INC candidate contesting bypoll in Bengaluru,fake
ELECTION,Delhi HC grants bail to Congress leader DK Shivakumar,real
COVID-19,"No, Pakistani flags were not waved at Rahul GandhiÕs pre-nomination roadshow in Wayanad",fake
POLITICS,YouTube channel âLive TVâ shares old clip as protest in Srinagar against dilution of Article 370,fake
ELECTION,Itï¿½s Nitish vs Kejriwal again as Bihar minister trashes AAP ï¿½white liesï¿½ on migrant rail fare,real
GOVERNMENT,"Fact Check: BBC never called BJP the most corrupt party in the world. Congress is worlds second most corrupt political party, but only in fake news",fake
MISLEADING,"Fact Check: No, Whatsapp Has Not Introduced Three Ticks To Indicate Government Surveillance Against....Fact Check: No, Disaster Management Act does not restrict citizens to post updates on Covid-19",fake
ELECTION,"AAP manifesto quiet on CAA, sticks to tried-and-tested free power, better schools formula",real
POLITICS,NO! Madhuri Dixit has not joined BJP; heres the fact check,fake
POLITICS,"Modi calls for ensuring opportunity, improving accessibility for persons with disabilities",real
COVID-19,"FDA emergency authorization of blood plasma for Covid-19 on hold, according to the New York Times",real
GOVERNMENT,Fact Check: Did Pakistan police beat Hindu women? Heres the truth...,fake
ELECTION,"BJPs new heartland dilemma  what to do with Singh, Chouhan & Raje",real
COVID-19,"Fact Checked: No, this picture is not of CIA director Gina...",fake
COVID-19,"Goa not banana republic, tourists must follow Covid norms, says state health minister",real
TERROR,"Key road near Shaheen Bagh, shut over anti-CAA, NRC protests, reopens briefly after 69 days",real
GOVERNMENT,PM Modi didnÕt visit Manmohan Singh to seek advice ahead of...,fake
COVID-19,Fact Check: Does drinking coffee help in curing Coronavirus? Heres the...,fake
COVID-19,Nitrogen dioxide levels fell by more than 70% during COVID-19 lockdown in New Delhi: UN,real
COVID-19,India becomes fastest country to reach 4 million COVID19 vaccination mark,real
COVID-19,Coronavirus outbreak | 28 positive cases in India; Rashtrapati Bhavan cancels Holi events,real
POLITICS,DGCA will take Ôsome timeÕ before deciding on Boeing 737 MAX planes,real
VIOLENCE,Fact Check: From The Fake Photo Of Spain-Morocco Border To Brett Lee 'Converting' To Hinduism,fake
GOVERNMENT,"Fresh announcements on economy to help farmers, migrants: PM Modi",real
POLITICS,Is this a picture of Ôcobra flower that takes 36 years...,fake
GOVERNMENT,"No major income tax relief in Budget, new agri cess wont push up petrol & alcohol prices",real
GOVERNMENT,Bank unions lend support to farmersÕ agitation against farm laws,real
TRAD,"Indian economy will struggle even after Covid, grow at 4.5% until 2025 ï¿½ Oxford Economics",real
MISLEADING,Fact Check: Has CBSE Announced Biometric Attendance For Board Examinations? Heres...,fake
POLITICS,Telangana CM visits martyrÛªs home to pay homage,real
GOVERNMENT,"Delhi hospitals for residents only; to open borders, malls, places of worship from tomorrow: Kejriwal",real
VIOLENCE,"This kid?s parents were not killed in terror attack in Syria;....Child Kidnapping Rumours In India Being Spread With Syria Image, Pak...",fake
POLITICS,"No, this video does not show people celebrating Indian National Congress leader Rahul Gandhiâs election victory",fake
POLITICS,The world's tallest hybrid timber tower to be built in Sydney,real
POLITICS,45% Rise In Sexual Harassment Cases At Workplace Over 3 Years,fake
TERROR,"Laxmi Vilas hotel case: Rajasthan HC stays trial against Arun Shourie, others",real
COVID-19,COVID-19: Viral video of patient gasping for breath is NOT from India,fake
VIOLENCE,This viral video of a meat market is NOT from Wuhan;.... Fuel Price Pinch In India: Viral Pic Claiming German Mass Protest Is...,fake
POLITICS,Training of sports stars: War breaks out inIndian Olympic Association,real
COVID-19,"Coronavirus vaccine update: Sputnik V arrive in India, clinical trials shortly",fake
VIOLENCE,A Video from 2018 where a DMK Leader is seen assaulting a beautician is being shared as recent incident concerning a lady doctor.This is an AFP photo of a policeman threatening a child with a baton during clashes in Bangladesh in 2010,fake
COVID-19,"No, That's Not A New Five-Rupee Note, That's Photoshop",fake
POLITICS,Union Climate Minister Babul Supriyo feels the ÔheatÕ in Goa,real
GOVERNMENT,"Who are the Paswans? ?Upwardly mobile, powerful? Dalit group at centre of Bihar polls buzz?",fake
GOVERNMENT,Village recalls Ôour man in DelhiÕ: Never expected anything for getting work done,real
MISLEADING,Fact Check: Fake news about late SP Balasubrahmanyams hospital bills goes...,fake
POLITICS,Parliament panel Û÷discussionÛª with Facebook to continue: Shashi Tharoor,real
COVID-19,"In Himachal, Covid recoveries start outnumbering new cases",real
GOVERNMENT,"AIMIM wins 5 seats in Bihar, but hasnï¿½t made a big dent in Mahagathbandhan vote share",real
POLITICS,Hema Malini writes to Union Labour Minister in support of EPS-95 pensioners,real
VIOLENCE,Old video from Pakistan re-shared claiming to be from Kashmir,fake
POLITICS,Did RSS Chief Really Insult The Indian Army?,fake
TERROR,Pak-based JeM operative involved in Pulwama attack arrested: Official,real
POLITICS,Did Rajnath say that every person who questions Indian Muslims is...,fake
VIOLENCE,Fact Check: Old video from Russia shared as electoral fraud in recent US elections,fake
GOVERNMENT,"Earthquake of magnitude 4.4 on Richter Scale hits Gujarat, second in less than 24 hours",real
GOVERNMENT,Tata Group to not hire anyone from JNU? Heres the truth,fake
VIOLENCE,No This Photo Is Not Of Indian Troops Killed In Galwan Valley,fake
VIOLENCE,Farm Bills Protest: 2013 Photo Shared As Recent,fake
VIOLENCE,Fact Check: Incident Of Honor Killing Falsely Shared As 'Love Jihad'...,fake
MISLEADING,Fact Check: Photo Of Rahul & Priyanka Gandhi Smiling Shared As Recent Visit To Hathras,fake
COVID-19,"No, Modi govt is not trying to split Jammu and Kashmir into three parts",fake
POLITICS,Fact Check: Did Air Commodore Hilal Ahmed Pilot Rafale To India?,fake
MISLEADING,Fact Check: Is this fingerprint-shaped building for real?,fake
VIOLENCE,NHRC issues Covid-19 guidelines for women,real
GOVERNMENT,Fact Check: Bihar Congress uses Amphan image to take a dig at Nitish Kumar over floods.Fact Check: Bihar Congress uses Amphan image to take a dig at Nitish Kumar over floods,fake
ELECTION,Why Eknath Khadses exit shatters BJP image and deals Brand Fadnavis a blow,real
MISLEADING,"No, Delhi Violence Gunman Is Not Anurag Mishra",fake
MISLEADING,"Fact Check: Fake List Of Advice To Live With COVID-19 Attributed To ICMR, Dr Devi Shetty.Fact Check: Mumbai doc, whose Covid tips are viral, has no link to Nanavati hospital",fake
COVID-19,Army Chief on two-day visit to Saudi Arabia,real
VIOLENCE,Fact Check: This video of boy being thrashed has nothing to do with West Bengal,fake
VIOLENCE,'Cannot Lathi Charge Innocents' Have Police Joined Protests?,fake
VIOLENCE,"No, this viral video does not feature footballer Diego Maradona; heres...",fake
COVID-19,"Has the lockdown been extended till May 4, 2020? HereÕs the...",fake
GOVERNMENT,Spoof on Imran Khan by Indian artist shared as Pakistani artist mimicking Pak PM,fake
VIOLENCE,Retired CBI officer arrested in Rs 25-lakh bribery case,real
ELECTION,"Farming GM crops, employment fund  what govt panel has suggested to create 20 cr jobs in 5 yrs",real
GOVERNMENT,Fact Checked: This picture of Amit Shah showing shoe to Kejriwal...,fake
GOVERNMENT,The Govt letter asking people to not share political post online...,fake
POLITICS,Congress' Facebook Page Disables Sponsored Ad In Pakistan,fake
ELECTION,"Bihar polls: Pleas for votes heard louder and clearer than those for masks, social distancing",real
POLITICS,Wait for cinema hall stretches longer in Kashmir,real
VIOLENCE,Gory Video Of A Teenager Hacked To Death In Brazil Passed Off As India,fake
MISLEADING,Fact Check: Are the burqa clad women in this viral photo....Fact Check: Is 24 the magic number for Covid patients?,fake
VIOLENCE,Fact Check: Dont believe this FAKE quote about Gandhi attributed to...,fake
GOVERNMENT,Muslim youth killed in Jharkhand for preventing cow slaughter,real
MISLEADING,Fake Messages Claim Shaheen Bagh Protester Tested Positive For...,fake
POLITICS,"Modi Asks People To Do Only Those Things Theyâve Mastery, Triggers Massive Anarchy",real
POLITICS,Fact Check: Did 'The Simpsons' Writers Predict The Coronavirus Outbreak 27 Years Ago?,fake
POLITICS,"Oppn gives no-confidence notice against RS Dy Chairman, govt mulls counter motion against errant MPs",real
VIOLENCE,Sea turtles spotted on Mumbai beach? Here?s the truth behind this....Fact Check: Is the video of whales swimming at Bombay High true?,fake
VIOLENCE,Four-member Bihar Police team probing Sushant Singh Rajput death case leaves Mumbai,real
COVID-19,Rajnath Singh discusses bilateral security cooperation with JapanÛªs Defence Minister,real
POLITICS,"Dainik Bhaskar, Amar Ujala And Swarajya Misquote Scindia About Support ...",fake
POLITICS,Can Indian Muslims Outnumber Hindus? Unlikely,fake
POLITICS,Fact Check: Amit Shah Didn't Touch The Feet Of Swami Nithyananda.Fact Check: Is this Amit Shah touching the feet of Swami Nithyananda?,fake
COVID-19,"No, This Fountain Is Not Powered By Chanting 'Om'",fake
COVID-19,India summons Pak Charge dÛªAffaires over civilian deaths,real
ELECTION,"UP Assembly bypoll: In Deoria, parties line up Tripathis",real
MISLEADING,Sci-check: Lifespan of coronavirus outside the human body on different surfaces,fake
GOVERNMENT,Fact Check: DonÕt fall for this FAKE picture of Sachin Pilot...,fake
MISLEADING,Fact Check: The viral claim that the equinox is from May 22 -28 is FALSE,fake
MISLEADING,Fact Check: This Video Is Not Of Captain Ankit Gupta Jumping...,fake
POLITICS,At former CM AR AntulayÕs book launch Uddhav Thackeray says Ôdil ki baatÕ different from Ômann ki baatÕ,real
POLITICS,These are the 10 themes thatï¿½ll determine the direction of emerging markets in 2021,real
VIOLENCE,Fact Check: Football Vandalism Video From Switzerland Now Shared As Kashmiris Attacking Tourists.Fact Check: Viral video of mob vandalising vehicles is not from Kanpur,fake
COVID-19,"National Covid cases rise to 72,39,389",real
POLITICS,"18 Indians among 23 killed in Sudan factory blast; PM Modi, Mamata express grief",real
VIOLENCE,2 Army officers killed in Rajasthan accident,real
TERROR,ÔOvercharging studentsÕ: Vadodara private school to pay fine of Rs 1 lakh,real
GOVERNMENT,Dont fall for these takeaways from IMF Webinar chaired by Raghuram...,fake
POLITICS,"Fact Check: Heres the truth about a female IPS officer, who...",fake
TRAD,"NCP leaderï¿½s move to Shiv Sena just the beginning, Maharashtra readies for opposition exodus",real
VIOLENCE,Mumbai Police opposes Republic TVÕs petition requesting CBI probe in alleged TRP manipulation case,real
POLITICS,PM Modi now has 6 crore followers on Twitter,real
GOVERNMENT,Top officers defend new farm laws: There will be procurement based on MSP,real
MISLEADING,Fact Check: Have Israeli scientists developed a vaccine for Coronavirus?. Israeli scientists found Covid-19 vaccine already? Fact check,fake
TRAD,"Like Sunny Deol, his ï¿½representativeï¿½ Gurpreet Palheri is political novice, linked to movies",real
POLITICS,2 arrested in Delhi with fake currency,fake
GOVERNMENT,"Punjab heats up over Modi govt ordinances  CM opposes, Sukhbir supports, farmers to protest",real
GOVERNMENT,Celebratory firing: 20-year-old woman dies after being shot,real
COVID-19,Fact Check: 1-year-old dance video of Lalu's sons goes viral with misleading claim,fake
ELECTION,"Dalit leader Kameshwar Chaupal, who finds place in Ram Temple Trust, never won ÔtrustÕ of Bihar voters",real
VIOLENCE,Delhi Police opposes plea in HC to transfer Tablighi leader Maulana SaadÛªs case to NIA,real
ELECTION,"JP Nadda replaces Amit Shah as BJP president, elected unopposed",real
TERROR,China opposes IndiaÕs decision to ban apps,real
MISLEADING,Fact Check: Bhajan kirtans part of Ram Navami processions in Srinagar since 2007. Modi did NOT release Ramayana stamps ahead of Ram mandir bhoomi pujan,fake
ELECTION,"Indira Gandhis bank nationalism a fraud, says Modi",real
TERROR,Andhra to pay off loans of women self-help groups,real
COVID-19,Lowest possibility of Covid-19 infection via air travel: Official,real
VIOLENCE,"ED files prosecution complaint against Hafiz Saeed, others in terror-financing case",real
VIOLENCE,Fact Check: This video of tornado is NOT of Cyclone Nivar...,fake
ELECTION,"Maharashtra: State govt yet to discuss strategy for effective arguments, says key coordinator",real
ELECTION,Rajasthan govt withdraws Û÷general consentÛª for CBI investigation amid political crisis,real
POLITICS,"No, Rahul Gandhi Did Not Call Himself India's 'Biggest Fool' In Speech",fake
GOVERNMENT,Must ensure Indian products are ï¿½global bestï¿½ with ï¿½zero defectï¿½ ï¿½ Modi at Mann ki Baat,real
POLITICS,India-EU discuss preparations for summit meeting,real
POLITICS,"Fact Check: No, a cameraman didnt cry after footballer Andre Gomes broke his ankle",fake
VIOLENCE,Fact Check: This massive crowd does not show the funeral procession of legendary Maradona,fake
GOVERNMENT,"Being Tej Pratap ï¿½ Laluï¿½s problem child, RJD rebel and Tejashwiï¿½s family baggage",real
TERROR,"Change of Command at AF Station, Tezpur",real
GOVERNMENT,Fact Check: From Sri Lankan Woman Offering Prayers At Sabarimala To Rs ...,fake
GOVERNMENT,Fact Check: DonÕt fall for these pictures of people protesting against...,fake
POLITICS,False claim: New variety of apple ÔModi appleÕ named after Narendra Modi,fake
VIOLENCE,Fake Video Clip Of Rahul Gandhi's Rally And Other News You Almost....No! the man in this viral video is not the Saudi...,fake
TRAD,"Amid MP crisis, Kuldeep Bishnoi says Scindia not lone Congress member feeling ï¿½alienatedï¿½",real
VIOLENCE,This video shows an Indian police officer beating a man who allegedly broke coronavirus lockdown restrictions,fake
POLITICS,Only 20% in 4 hrs ? why counting is slow & final Bihar results won?t come before late evening,fake
MISLEADING,Fact Check: Fake Job Listing Attributed To World Health Organisation Goes Viral.Job listing attributed to World Health Organisation is Fake!,fake
TERROR,China using aggression to stop India from building defence infra in border areas: US Congressman,real
TERROR,Man in Maharashtra held for sending Army area pics to Pakistan WhatsApp group,real
VIOLENCE,Fact Check: Viral photo of BJP goon beating up cop in Bengal is from Uttar Pradesh,fake
VIOLENCE,Fact check: Did the three-year-old kid pick up stone after his...,fake
GOVERNMENT,SmritiÕs IraniÕs ÒBlood-Soaked Sanitary NapkinÓ Remark Ð Did The Minister Fall For Social Media,fake
TERROR,Akshaya Patra aims to serve mid-day meals to 5 million children by 2025,real
COVID-19,Active Covid cases over 30K in Bengal as recovery rate takes a hit,real
VIOLENCE,SC refuses to entertain bail plea of activist Sudha,real
POLITICS,Ex-foreign secy S. Jaishankar makes surprise comeback as minister in Modis new govt,real
TERROR,Jamia Violence: Lawyers chant ÔShame! Shame!Õ as court refuses interim protection to students,real
COVID-19,"Maharashtra among 6 states that didnÕt use Nirbhaya fund; UP, Delhi spent less than 5 per cent",real
POLITICS,No govt advertisements for those reporting fake news,fake
GOVERNMENT,HP strictly enforcing Wildlife Act to save endangered species,real
POLITICS,PM Modi didnï¿½t touch Mukesh Ambaniï¿½s feet; hereï¿½s the truth,fake
TRAD,Fact Check: Justin Trudeau did not back Tamil Naduï¿½s anti-Hindi stir,fake
TERROR,"DMA moots raising retirement age, cut in pension in forces",real
MISLEADING,Is Zaira Wasim returning to Bollywood? Heres the truth!,fake
ELECTION,"Thousands attend rallies, no masks ï¿½ Covid makes no difference to Bihar election campaign",real
POLITICS,78 additional routes to be awarded under regional connectivity scheme Udan,real
MISLEADING,"The inefficacy of Cupping Therapy (Hijaama), an ancient procedure of Unani medicine",fake
TERROR,"31-sec lock: Chargesheet on how channels, cable operators fixed TRPs",real
VIOLENCE,Fact Check: This burqa clad man was NOT the part of...,fake
TERROR,"DMK MLA Û÷opens fireÛª during clash in Tamil Nadu, arrested",real
GOVERNMENT,2014 Photos Of 'Ab Ki Baar Modi Sarkar' Rotis Revived With Lockdown....Bengaluru's Modi Masjid Named After PM Modi And Other News You Almost...,fake
COVID-19,Bangaldeshi smuggler killed along India-Bangladesh border in West Bengal: BSF,real
VIOLENCE,"Masks mandatory, no physical offerings: Maharashtra issues SOP for places of worship opening tomorrow",real
ELECTION,New-age Û÷digital rathsÛª and Û÷e-electioneeringÛª new normal; Bihar elections test for parties,real
POLITICS,Hardeep Singh Puri performs bhoomi pujan for redevelopment of Central Vista Avenue,real
GOVERNMENT,Fake poster: Alt News logo misused to claim rape-accused not associated with AIMIM,fake
POLITICS,China says it is opposed to IndiaÛªs infrastructure development at borders in Ladakh,real
VIOLENCE,"Anti-CAA protesters actor-activist Sadaf Jafar, retired IPS officer Darapuri walk out of jail",real
GOVERNMENT,From A Fake Photo Of Rajnath Singh To A True Video Of The PM With...,fake
GOVERNMENT,How 2 UP girls got their weddings called off as child marriage bids see rise during pandemic,real
COVID-19,"No, Hamid AnsariÕs budget was not six times that of the President",fake
VIOLENCE,Video of womenÕs gang nabbed for extortion shared as child-kidnappers arrested in Gujarat,fake
POLITICS,Indian government is not destroying Apple gardens of local Kashmiris; heres...,fake
GOVERNMENT,Fact Check: DonÕt believe this FAKE quote by Lord Macaulay on...,fake
COVID-19,Fact Check: Tracing the quarantine facility where people are grooving to âLungi Danceâ,fake
GOVERNMENT,Fact Check: This emotional post about a farmer and his soldier son is misleading,fake
VIOLENCE,"The video of a professor from Kashmir University is being spread using the name of the granddaugher of Maharaja Hari Singh.To confuse people, a picture of a boy is being circulated with the claim of Amethis Pandit missing from Purva area",fake
ELECTION,No Question Hour this monsoon session,real
GOVERNMENT,Swadeshi does not mean boycotting all foreign products: Bhagwat,real
GOVERNMENT,"Kargil war icons, Tiger Hill and Batalik, to be opened for trekkers",real
GOVERNMENT,"Even After ED Clarification Of No Link Between PFI & Bhim Army, Rumor.... Even After ED Clarification Of No Link Between PFI & Bhim Army, Rumor Mongering Still On",fake
GOVERNMENT,Fact Checked: Pak Army Spokesperson shares FAKE video of Indian Air...,fake
COVID-19,Govt blocks 43 more mobile apps 'prejudicial' to India's sovereignty,real
POLITICS,Modi to meet Xi at G20 summit in November,real
VIOLENCE,"No, the Sweden Riot Did Not Start Because Muslim Man Raped Minors",fake
GOVERNMENT,Is Shah Rukh Khan starring as Tipu Sultan in a movie?,fake
ELECTION,ÔLosers who cannot influence peopleÉÕ: Ravi Shankar Prasad takes a jibe at Rahul Gandhi,real
COVID-19,"Fact Check: Did Nirmala Sitharaman claim distributing 35,000 crore LED bulbs?.Fact Check: Did Aamir Khan Donate Rs 15,000 In Sack Of One Kilo Wheat Each?",fake
TERROR,AG nod for contempt case against Kunal Kamra over tweets,real
VIOLENCE,Govt Snooping On WhatsApp? Rumours From 2015 Go Viral Once Again,fake
TRAD,PM Modi interacts with Varanasiï¿½s Covid vaccine beneficiaries,real
POLITICS,"Fact Check: Videos claiming growls of mysterious creature heard in Chinas Xiushui were doctored.Fact Check: Pakistan shows old, doctored video, claiming it an Indian submarine",fake
COVID-19,"20 fake accounts, Rs 60 crore recovered in IT raid on Axis Bank branch in Noida",fake
GOVERNMENT,"We will not fight, but celebrate Republic Day: Rakesh Tikait",real
POLITICS,Fact Check: Did The Supreme Court Approve A Logo For Teachers?,fake
ELECTION,"PM Modi, Amit Shah to finalise Maharashtra, Haryana Assembly poll candidates, seat-sharing pact with Shiv Sena today",real
TERROR,Pakistan Û÷masqueradingÛª as terror victim: India at UN,real
VIOLENCE,Injured Jamia Student Faked Gunshot Wound And Other News You Almost...,fake
GOVERNMENT,"Ghulam Nabi Azad loses post, Rahul GandhiÕs squad get promotions in Congress shake-up",real
MISLEADING,Clipped video revived to suggest Rahul Gandhi spoke against farm loan waivers,fake
COVID-19,Fact Checked: Old pictures being claimed as sights of MaharashtraÕs Naxal...,fake
GOVERNMENT,"ED summons to Farooq Abdullah part of BJPs coercive measures, says National Conference",real
TERROR,"Maharashtra: 58 held for attack on police, vandalism in Sillod",real
VIOLENCE,Vikas Dubey encounter: SC rejects plea against Justice Chauhan Inquiry Commission,real
GOVERNMENT,NIA charge-sheets 16 people based abroad under anti-terror law for pro-Khalistan activities,real
ELECTION,BJP is staring at a crisis in Jatland and Sunny Deol is just another quick-fix solution,real
GOVERNMENT,MaharashtraÕs Ôgender budgetÕ for FY 2020-21 unfavourable towards womenÕs empowerment: UNICEF study,real
MISLEADING,Fake: Muslims did not damage Shivling at Ranchi Temple,fake
ELECTION,No postal ballot for Bihar voters above 65,real
MISLEADING,Fact Check: Actor Rao Rameshs tweets slamming Jagans one-year rule are fake.Fact Check: Madhya Pradesh Congress shares fake video to take a dig at Shivraj Chouhan,fake
VIOLENCE,Fact Check: This picture showing police atrocity is not from Kashmir;...,fake
POLITICS,Owaisiâs heckling in Parliament reported using clickbait titles with communal overtones,fake
POLITICS,FALSE: Pak minister tweets an old video claiming Kashmiris protesting against.... Article 370: Pak Minister Tweets Burhan Wani's Funeral Video As...,fake
VIOLENCE,Fact Check: Fake Tweet Attributed To Former Union Minister Yashwant Sinha...,fake
VIOLENCE,Ballia firing: Man who shot farmer in presence of cops arrested in Lucknow,real
VIOLENCE,This viral video of a burqa clad man is NOT from....The Truth Behind A Viral Video Claiming A Man Was Jabbing School...,fake
POLITICS,Blackberry estÌÁ de vuelta: esto es lo que sabemos del nuevo telÌ©fono ÛÒ CNN,real
VIOLENCE,"ÔFund diversionÕ: NIA raids activists, journalists in J&K, triggers outrage",real
ELECTION,FarmersÕ agitation on path shown by Mahatma Gandhi will be successful: Sonia Gandhi,real
ELECTION,Rahul Gandhiï¿½s stamp clear on Team Priyanka in UP as veteran leaders get sidelined,real
MISLEADING,"Fact Check: Is this Rahul Gandhi lying on the ground after a trip-and-fall?.On a trip to old age home, did this girl find...",fake
POLITICS,Fact Check: Video of BJP flag being hoisted to the Indian...,fake
ELECTION,How Ajit Pawar garlanding Savarkar portrait has got Maharashtra political circles abuzz,real
VIOLENCE,"Amitabh Bachchan, Akshay Kumar pay tribute to soldiers killed in clash with Chinese troops",real
GOVERNMENT,"Air, rail, road travellers entering Rajkot city to be randomly tested",real
MISLEADING,Fact Check: PIB 'Fact Check' Erroneously Debunks UP STF Advisory To Uninstall 52 Chinese Apps As,fake
TERROR,"Locked in a room, 45 cows die of suffocation",real
VIOLENCE,FEMA violation case: ED summons Punjab CMÕs son to appear before it on Oct 27,real
GOVERNMENT,Fact Check: Was Canadian PM Justin Trudeau part of the protests...,fake
POLITICS,Poor Must Spend More To Take India Forward: Rahul Gandhi,real
ELECTION,Congress must cede political space in Haryana for alliance in Delhi: Manish Sisodia,real
MISLEADING,UP Waqf Board Issues Denial As Claims Of A 'Babri Hospital' Go Viral.Fact Check: Viral images of Sunni Waqf Board deciding to build Babri Hospital in Ayodhya are FALSE,fake
GOVERNMENT,Punjab and Haryana Court gives consent to open essential item shops amid lockdown,real
POLITICS,"AAP twitter handle tweets pic of Dutch bridge, calls it Signature Bridge",fake
GOVERNMENT,BJPÕs Sambit Patra falsely claims AAP leader Amanatullah Khan wants to create ÔShariaÕ,fake
COVID-19,"Truck carrying arms, ammunition recovered from J-KÕs Kathua; 3 ÔJeM terroristsÕ arrested",real
GOVERNMENT,Modi shouldnï¿½t allow China to use his words as vindication of their Galwan stance: Manmohanï¿½,real
VIOLENCE,Senior Telugu actor Jaya Prakash Reddy passes away,real
TERROR,CentreÛªs EIA draft dangerous: Rahul,real
MISLEADING,Viral Message Warning About Rise In Crimes Post Lockdown Not From...,fake
VIOLENCE,Old Video From Iraq Circulating As Pulwama Attack,fake
VIOLENCE,Mamata to regularise Bangladeshi refugeesï¿½ land to pre-empt BJPï¿½s NRC offensive,real
COVID-19,Fact Check: Did Soldiers At Galwan Valley Celebrate Ganesh Puja As Claimed In The Viral Video?.2018 Photo Falsely Shared As Tejashwi Yadav Marching For Gulnaz Khatun,fake
MISLEADING,Did Muslims In Delhi Gather To Show Support To Kashmir? A FactCheck.Fact Check: Did UPA Invite Taliban Leader To Speak At Think Fest In 2013?,fake
GOVERNMENT,"Delhi opens borders from Monday, reserves hospitals for City residents",real
COVID-19,"Agree to isolation protocol or no ticket, says IRCTC",real
ELECTION,Modis idea of conducting elections Online kicks off political storms in Bihar,real
VIOLENCE,This video shows two separate clips of BJP politicians being harassed in West Bengal more than three years ago.One video three ways: old footage of Indias Priyanka Gandhi viewed tens of thousands of times alongside multiple misleading claims,fake
COVID-19,"Rajnath Singh reviews Ladakh Border situation with CDS, three Services Chiefs",real
POLITICS,No! The soldier in the picture is not Israeli PMï¿½s son,fake
COVID-19,"Increased testing, infrastructure to tackle coronavirus: Gehlot to Modi",real
GOVERNMENT,"Tablighi foreigners were right under Modi govtï¿½s nose, it should have stopped them: Baghel",real
GOVERNMENT,Why Do So Many People Fall For Fake Profiles Online?,fake
COVID-19,"Ramdev falls off elephant, no injuries",real
POLITICS,TOI Fake News: ?Roommate of AMU PhD student who joined Hizbul also missing?,fake
VIOLENCE,Withdrawal of Ôgeneral consentÕ to CBI by states: Cases dropped immediately but Calcutta HC judgment pushed up numbers in Bengal,real
ELECTION,"Congress, TMC, Shiv Sena join political face-off against BJP in UP",real
GOVERNMENT,"COVID-19 crisis: Uttarakhand govt bans recruitment, no increment for employees",real
MISLEADING,Fact Check: Congress tweets an old video to show food crisis....Fake Warren Buffett Account Tweeting Internet Quotes About Life Is A...,fake
ELECTION,"Updates: People put their faith in us & voted us back, says Modi as he thanks voters, BJP workers",real
GOVERNMENT,Will make water supply in Delhi as good as in developed countries: CM Kejriwal,real
ELECTION,This is how Congress plans to fight its Telangana defectors in court,real
ELECTION,Rahul Gandhi doing 'politics of misery' over migrantsÛª issue: BJP,real
GOVERNMENT,Fact Check: Did Shatrughan Sinha Attack BJP Govt On Twitter? Heres...,fake
MISLEADING,Congress IT Cell Workers Claim Credit For Delhi Government School...,fake
GOVERNMENT,Priyanka Gandhi slams government over report of slash in education budget,real
GOVERNMENT,"New welfare projects, reversing Naidu schemes, legal setbacks  CM Jagans one year in Andhra",real
VIOLENCE,NIA arrests doctor in Lashkar terror group recruitment case of 2012,real
TRAD,"In just 5 years, private banks have narrowed public sectorï¿½s huge lead in loans & deposits",real
ELECTION,BJP leader Nirmal Singh removed as speaker of now-revoked J-K Legislative Assembly,real
GOVERNMENT,"Old picture of PM Modi, Kanika Kapoor resurfaces after she contracts....Old Photo Of PM Modi And Bihar CM Nitish Kumar Shared With Misleading...",fake
VIOLENCE,Mumbai police increases security at ED office after Raj Thackeray receives summon,real
ELECTION,JP Nadda announces new team of BJPÕs national office-bearers,real
VIOLENCE,Fact Check: From Punjabi Artist Impersonating As Indian Soldier To UP Govt's Ad In Time Magazine....Old India Today Video Falsely Shared As Inciting Anti-Modi Slogans In...,fake
GOVERNMENT,Fact Check: Heres the truth behind this picture of PM Modis...,fake
POLITICS,Û÷Have we ceded our Galwan Valley or ousted PLAÛª: Shiv SenaÛªs Priyanka Chaturvedi questions Centre,real
VIOLENCE,Assam MLA held for spread fake news on COVID-19,fake
TERROR,Madras University revaluation result 2019 declared at unom.ac.in | Check now,real
POLITICS,Unsafe for living  IIM-Ahmedabad to raze 14 dorms designed by Louis Kahn,real
TERROR,HAL employee arrested for spying for Pakistan; was supplying information to ISI about Indian fighter jets,real
MISLEADING,Fact Check: Claim on notification for filling posts in Panchayat and District Council is FALSE,fake
MISLEADING,Babul Supriyo wasnÕt the first BJP big-wig who fell for WhatsApp propaganda by BJPÕs own cadre,fake
POLITICS,ITBP mountaineers scale Gangotri-II peak in Uttarakhand,real
POLITICS,"Hyderabadis give fractured mandate, TRS single largest party",real
POLITICS,Video of BJP critic warning journalist about reporting against govt shared as BJP leaderâs threat,fake
COVID-19,Fact Check: Is This Former PM Atal Bihari Vajpayee?s Picture With.... Fact Check: Why Atal Bihari Vajpayee arrived in Parliament on bullock cart,fake
COVID-19,"No, Rahul Gandhi, Coca-Cola was not started by a âshikanjiâ seller",fake
VIOLENCE,Was Fake Currency Seized From An RSS Supporter's Car In Gujarat?,fake
VIOLENCE,Politics of the cow Ð what emboldens the lynch mobs?,fake
TERROR,"UGC questions decision of Maharashtra, Delhi to cancel final-year exams",real
ELECTION,"Abdullahs dont want to be released before others, signal consensus among parties",real
GOVERNMENT,Old Video Of UP CM Laughing In The Background Of A Coffin Revived...,fake
ELECTION,"MVA govt suffering from political AlzheimerÕs, forgetting promises: Mungantiwar",real
VIOLENCE,Fact Check: This banner against Lord Ram is not from the ongoing farmers? protest?. Fact check: This protest march by Muslim organisations has nothing to do with Congress victory,fake
COVID-19,"Pfizer ends Ph 3 trials, claims 95% efficacy in final analysis",real
MISLEADING,FACT CHECK: HereÕs the truth behind this viral video of a...,fake
ELECTION,Fact Check: Reports Of Odisha Govt Selling Jagannath Temple Land Are...,fake
GOVERNMENT,Does the Temple banner says that Shudra and Muslims not allowed in the temple ? Fact Check!,fake
POLITICS,"No, this video does not show Indiaâs opposition Congress party workers burning an effigy of Prime Minister Narendra Modi",fake
GOVERNMENT,"Indian Railways to right-size Railway Board by 25%, transfer 50 employees: Reports",real
TRAD,ï¿½Wonï¿½t work for Congress in bits and piecesï¿½: Prashant Kishor says no for 2022 Punjab polls,real
TRAD,Fact Check: IUML flag on Kerala MLAï¿½s car falsely passed off...,fake
MISLEADING,Famous People Who Fake News Killed In 2020 But Are Alive,fake
TERROR,"Two giant gold nuggets worth $250,000 found in Australia",real
COVID-19,"No, This App Cannot Measure Blood Oxygen Levels With A Phone Camera",fake
MISLEADING,Is a new killer insect spreading deadly virus in humans? Fact Check!,fake
ELECTION,"Chhattisgarh: Suspecting rejection of nomination, JogiÕs son, daughter-in-law write to EC",real
COVID-19,New hoax circulates online that India has outlawed social media posts about COVID-19,fake
GOVERNMENT,Beware of fake news on Kerala floods as impostor in Army...,fake
MISLEADING,"Fact Check: Dad spoofs maternity shoot, pics go viral with misleading claim?.Fact Check: Co-workers prank goes viral with deadly claim",fake
MISLEADING,Fact Check: Horrific Murder Video From Hyderabad Falsely Attributed To Delhi.Fact Check: Video claiming kidney theft in Kota hospital goes viral with a Covid twist,fake
POLITICS,BJP IT Cell Head Amit Malviya shares mischievously clipped video of Manmohan Singh,fake
VIOLENCE,"Video of man offering namaz in the middle of a busy road is from Malaysia, NOT India",fake
MISLEADING,"Were Bhagat Singh, Sukhdev and Rajguru hanged on February 14, 1931?",fake
VIOLENCE,Centre begins stocktaking of exotic live species,real
COVID-19,"Government Claims Scholarship Amount To SC & OBC Students Have Increased, Is It True?",fake
ELECTION,The man who has dared to fight the most powerful woman in all of Rajasthan,real
POLITICS,Previous govts lacked courage to effect farm reforms due to poll-focussed mindset: PM Modi,real
ELECTION,Capt govt enforcing power cuts to defame farmers: Sukhbir,real
POLITICS,Indiaï¿½s iron & steel exports to China surge despite LAC tensions ï¿½ $1.86bn trade in Apr-Aug,real
ELECTION,"Opposition parties Ôspeaking same language as PakÕ, says PM Modi on Citizenship Bill: Reports",real
VIOLENCE,Chopper scam: Court grants interim bail to middleman Rajeev Saxena,real
TRAD,Why Shiv Sena wonï¿½t back down from renaming Aurangabad despite risk to alliance govt,real
ELECTION,Rajasthan crisis: Where things stand for BJP,real
ELECTION,NCP leaders cheated into attending swearing-in; want govt under Uddhav Thackeray leadership: Sharad Pawar,real
ELECTION,Pro-India party in Bhutan gets knocked out of polls as Doklam jitters abound,real
GOVERNMENT,Fact Checked: This photo of cyclist on temple wall is not....Fact Checked: This picture of ?Diwali at Golden Temple? is not...,fake
VIOLENCE,Freedom of speech and expression not an absolute right: Bombay High Court,real
MISLEADING,"Fact Check: No, The UP Education Budget Was Not Slashed By 94%",fake
GOVERNMENT,"Protesting a Ôfundamental right, but canÕt block roadsÕ: SC on Shaheen Bagh, appoints mediators",real
GOVERNMENT,"The Recent Ratan Tata â JNU Issue Shows How We Failed As Social Media Users, Once Again",fake
MISLEADING,Fact Check: Four-step lockdown model by two Cambridge scholars is being...,fake
TERROR,"Amid border row with China, India imposes restrictions on public procurement from its land neighbours",real
MISLEADING,"Fact Check: Old, tampered video of Arvind Kejriwal asking to vote for Congress goes viral. Fact Check: Old photo of Rahul Gandhi and Arvind Kejriwal goes viral with misleading claim",fake
POLITICS,"Will give fierce reply if provoked, warns Prime Minister",real
GOVERNMENT,"After resigning from ABP News, Punya Prasun Bajpai is not joining....The news of the resignation of Bihars DGP Gupteshwar Pandey is fake.",fake
VIOLENCE,This viral video of a man shooting a deer is NOT...,fake
VIOLENCE,Delhi HC grants bail to ex-Fortis Healthcare promoter Shivinder Mohan Singh in PMLA case,real
ELECTION,"After Congress, BJP shifts its MLAs to Jaipur hotel",real
ELECTION,"How AAP lost the plot in Punjab, and may struggle to retain its 4 Lok Sabha seats",real
POLITICS,Hereï¿½s the truth behind Piyush Goyalï¿½s ï¿½maths didnï¿½t help Einstein discover...,fake
VIOLENCE,"No, this video does not show a real self-driving car",fake
ELECTION,"Congress announces seven committees for 2022 UP Assembly elections, names of Û÷dissentersÛª left out",real
GOVERNMENT,Founder Of Fake News Website Postcard Arrested By Bengaluru Police,fake
ELECTION,Yogi Adityanaths Hanuman-Dalit remark has put off BJPs loudest cheerleaders  seers,real
GOVERNMENT,J-K IAS officer who resigned asked to return to work,real
TRAD,"Andhra Pradeshï¿½s debt burden rises to Rs 3.73 lakh crore, CAG accounts show",real
GOVERNMENT,Punjab farmers reject CentreÕs invite for talks on farm laws,real
COVID-19,Home Minister Amit Shah tests positive for COVID-19,real
COVID-19,Fact Check: Cadburys is NOT giving free chocolate baskets to people,fake
ELECTION,"Congress bastion in Bengal is a divided house, literally",real
ELECTION,"BJP mocks Rahul Gandhi for using strategy, strategic, strategically 34 times in 57 mins",real
VIOLENCE,"10 killed, dozens feared trapped as three-storeyed building collapses near Mumbai; PM prays for quick recovery",real
VIOLENCE,3 members of family found murdered in ashram in UP,real
POLITICS,Modi govt not keen on Presidents rule in Bengal as Mamata can use it in her favour,real
GOVERNMENT,Fact Check: DonÕt fall for this FAKE picture of Priyanka Gandhi...,fake
ELECTION,ÔHindi politics prevented many South Indians from becoming PMÕ: HD Kumaraswamy,real
VIOLENCE,Fact Check: Dont believe this FAKE post asking you to share...,fake
VIOLENCE,2019 Image Of Man Thrashed By Delhi Police Linked To Farmers' Rally,fake
POLITICS,"Mamata Banerjee taunted with âJai Shri Ramâ slogans at Raj Bhavan? No, it is an edited video",fake
MISLEADING,Modi did NOT release Ramayana stamps ahead of Ram mandir bhoomi pujan. Fact Check: Bhajan kirtans part of Ram Navami processions in Srinagar since 2007,fake
ELECTION,JNUSU president Aishe Ghosh files attempt to murder complaint,real
COVID-19,"Fact Check: No, Dr. V.K. Srinivasan of Bharath Biotech didnât take the Covid-19 vaccine",fake
GOVERNMENT,Nitish Kumar makes no mention of Chirag Paswan in Ram Vilas Paswanï¿½s native assembly seat,real
VIOLENCE,Fact Checked: No! This video is not from Haridwar,fake
COVID-19,Dharmendra didnt make this statement; heres the fact check,fake
MISLEADING,Fact Check: Viral post saying Bill Gates violated social distancing norms is misleading.Fact Check: Did Bill Gates And Dr Anthony Fauci Violate Social Distancing Norms?,fake
MISLEADING,Fact Check: Viral lockdown phases to control Covid-19 have not been endorsed by WHO,fake
COVID-19,Fact Check: The man who was playing double role of Naseeruddin Shah and Rakesh Tikait on Twitter. Fact Check: Boy Who Tore National Flag & Screamed 'Pakka Musalman Hoon' Is A Hindu Prankster,fake
ELECTION,No! This burqa-clad man did not cast a fake vote,fake
POLITICS,Did Nobel laureate Abhijit Banerjee defend the Nirbhaya rapists? Heres the...,fake
COVID-19,"NCLT Says Ruias' Rs 54,000-Cr Bid Not 'Maintainable'; Essar May Move NCLAT",real
GOVERNMENT,May 2019: Misinformation weaponised to target electoral process and political leaders,fake
TERROR,"India, Pakistan exchange lists of N-installations, civilian prisoners",real
POLITICS,Fact Check: News about man who battered his wifes feet with a baseball bat after mistaking her snake print stockings for real snake is false..Fact Check: Did this man track down and brutally torture his three-year-old daughter's rapist?,fake
GOVERNMENT,"Jamia students go shirtless in chilling cold in protest against police crackdown, demand probe",real
VIOLENCE,AAP gives âmagicâ blankets to different-abled? Video viral with false claim,fake
MISLEADING,Fact Check: Old Video Of Cop Crying Over Lathicharge Falsely Linked...,fake
VIOLENCE,2017 Attack On Chennai Cop Peddled With False Communal Claim. Attack On Hindu Priest In Vrindavan Peddled With False Communal Claims,fake
POLITICS,"Fact Check: Unrelated Video Shared To Show The Plight Of Uighur Muslims In China.Fact Check: Mamata spoke about Muslims, but she also praised other religions at Opposition's mega rally",fake
COVID-19,Fact Check: Does wearing a mask reduces your oxygen intake? HereÕs...,fake
MISLEADING,TikTok Video On Coronavirus Goes Viral As Doctor's Advice,fake
MISLEADING,"No, This Is Not a Video of Captain Deepak Sathe Singing a Song",fake
ELECTION,24ï¿½7 water supply for Delhi to be key promise in AAP manifesto for assembly polls,real
TERROR,"J-K administration drops Sheikh AbdullahÕs birth anniversary, adds ÔAccession DayÕ in 2020 Holiday list",real
GOVERNMENT,"In tragic twist to farmersÕ agitation, protesting farmer shoots himself dead at Singhu border",real
GOVERNMENT,Study: Study Confirms Tax Payers Are Stupidest And Most Ignorant Fellows In India,fake
COVID-19,Coronavirus India HIGHLIGHTS: Active COVID-19 cases fall below 5.5 lakh; recoveries exceed active cases by 70 lakh,real
GOVERNMENT,"Akshay Kumar didn?t protest in support of ABVP; here?s the truth....No, People From Amethi Did Not Cry While Meeting Rahul Gandhi...",fake
VIOLENCE,Fact Check: Congress tweets an old video to show food crisis....Fact Check: Old Photo Shared As State Crackdown On Recent Farmers'...,fake
TERROR,Ready to debate on ÔShaheen BaghÕ with Amit Shah: Arvind Kejriwal rechallenges minister,real
MISLEADING,Fact Check: Kurnool SP did not issue any letter recently on Sugali Preethiâs death case,fake
POLITICS,Fact Check: Heres the truth behind this teenage cobblers class 12th...,fake
POLITICS,Tunisia evacuates Indian citizens on military plane gratis,real
VIOLENCE,Fact Check: Picture of Congress leaders with Sheikh Hasina goes viral with false claim,fake
COVID-19,"African swine fever detected in India for 1st time; 2,500 pigs die in Assam",real
GOVERNMENT,Unrelated Picture Of Man Being Flogged Misidentified As Bhagat Singh,fake
POLITICS,"Did Mamata Banerjee say âgive me 42 seats, Iâll make Hindus cryâ? Fake newspaper clipping shared",fake
MISLEADING,Fact Check: This viral video has nothing to do with Hyderabad vets last rites,fake
VIOLENCE,Centre moves SC seeking transfer of pleas challenging CAA from different HCs to apex court,real
GOVERNMENT,This man in the picture is not the ?tallest man in....Fake Alert: The Man Shown In The Image Is Not The Tallest Man On Earth.,fake
GOVERNMENT,"ÔNo plans for another lockdownÕ in Delhi, clarifies Arvind Kejriwal amid spiraling Coronavirus cases",real
MISLEADING,No UV rays from the sun CANNOT kill COVID-19 !,fake
MISLEADING,UP Waqf Board Issues Denial As Claims Of A 'Babri Hospital' Go Viral,fake
VIOLENCE,"Three killed, 6 hurt as bus catches fire after touching high-tension wire in Jaipur",real
POLITICS,Indian outfit wins UN award for efforts to combat climate change amid Covid,real
ELECTION,"Banned for violating hate speech policy, BJP MLA Raja Singh claims not on Facebook since 2019",real
MISLEADING,Viral video of a leopard prowling near an underpass is NOT...,fake
POLITICS,PM Modi supports ministers urge to farmers to come back on table for talks for amicable solution,real
POLITICS,ÔPM should tell nation how Chinese occupied Indian territoryÕ: Sonia Gandhi on Ladakh face-off,real
MISLEADING,This video is not of the Pulwama attack; heres the truth,fake
POLITICS,China Foreign Minister makes rare Tibet visit,real
MISLEADING,"Fact Check: Did Ivanka cite Bihar girl who cycled 1,200 kms to hit out at critics?",fake
MISLEADING,Rahul Gandhi did not trip in this picture; heres the truth,fake
ELECTION,The big issue Goa parties always bet on to win power,real
GOVERNMENT,The woman in this viral picture is not RaGaÕs wife; hereÕs...,fake
POLITICS,India denies Trump claims of talks with PM Modi over China logjam,real
COVID-19,Employee terminated for misspelling Bukhari as Bikhari,real
POLITICS,"Shiv Senaï¿½s rural reach, ï¿½mandate for Uddhavï¿½ ï¿½ what Maharashtra gram panchayat results show",real
MISLEADING,Fact Check: Letter leaking Congress's nefarious plans on farm loan waiver is fake,fake
VIOLENCE,Did Indian Army arrest and torture a Kashmiri journalist? HereÕs the...,fake
COVID-19,"Mizoram, Punjab among states announcing shutdown to contain COVID-19",real
ELECTION,RS bypoll on Sept 11 for seat left vacant after Amar SinghÛªs death,real
GOVERNMENT,"Amit Shah now part of 1,800 WhatsApp groups to curb fake news",fake
VIOLENCE,Photos Of Cancer Patient Shared As Minor Addicted To PUBG,fake
GOVERNMENT,This is not the picture of the largest blue whale; heres...,fake
POLITICS,Afghan peace process should protect minorities: EAM Jaishankar,real
GOVERNMENT,DonÕt fall for this FAKE picture of Kejriwal standing in a...,fake
VIOLENCE,2015 Photo Peddled As Last Rites Of Kerala's Pregnant Elephant.This video showing celebration on the return of Abhinandan is fake,fake
MISLEADING,Fact Check: Photo showing Syrian child protecting his sister fudged as kids from Kashmir.Fact Check: Old Photo Shared As Peacocks Killed For Janmashtami,fake
COVID-19,"Delhi overtakes Maharashtra, Kerala as highest contributor to new Covid cases",real
TRAD,Zomato founder didnï¿½t make this statement; hereï¿½s the fact check,fake
POLITICS,Fact Check: Madras high court did not âchangeâ its logo to Hindi,fake
COVID-19,9 out of 50 COVID-19 patients discharged from LLRM Medical College hospital in Meerut,real
COVID-19,Lions were NOT spotted in DelhiÕs Dhaula Kuan; hereÕs the truth...,fake
POLITICS,"In Odisha, media barons cross the line & embrace politics like in no other state",real
GOVERNMENT,Dalit inmates in Tihar jail on hunger strike for being denied permission to observe Valmiki Jayanti,real
VIOLENCE,Old Ram Navami Rally Clip From Gulbarga Shared With Communal Twist,fake
POLITICS,What a shot! 22 amazing sports photos,real
GOVERNMENT,UPSC third topper lands in legal soup for producing fake disability certificate,fake
GOVERNMENT,"Punjab, Haryana CMs in war of words as farmersÕ protest rages",real
GOVERNMENT,"Extremely heavy rains predicted in Kerala, Red, Orange alerts issued",real
COVID-19,"India records 4,221 Coronavirus cases, 114 deaths; Maharashtra tally nears 900 with 45 fatalities",real
VIOLENCE,Photo Of Rohingya Muslims Shared As Plight Of Migrants In Lockdown,fake
VIOLENCE,Was An Old Brahmin Man Beaten By A Mob In South India? A FactCheck,fake
COVID-19,Fact Check: Old Photos Claimed To Show Devastation Caused By Assam Floods,fake
VIOLENCE,"No sand mining within 1 km of national highways, half km of state highways in Punjab: HC",real
TERROR,President rejects mercy plea of Nirbhaya case convict Vinay Sharma,real
COVID-19,Fact Check: Can gargling with warm salt water prevent Coronavirus?. Drinking hot water and steam inhalation help contain Coronavirus? Fact Check,fake
COVID-19,Fact Check: Video of this playful deer by the sea is not from lockdown in India,fake
TERROR,"Û÷All because of lockdown, Govt canÛªt only focus on businessÛª: SC pulls up Centre on moratorium issue",real
MISLEADING,Fact Check: Can using air conditioners spread the Coronavirus?,fake
POLITICS,Fact Check: Online rumors that actress Alia Bhatt has been shunted out of Rajamoulis `RRR are False,fake
VIOLENCE,RJD posts Karachi railway track picture to blunt BJPâs claims of cleaning up Ganga,fake
VIOLENCE,FIR against director Anurag Kashyap after actress alleges rape,real
COVID-19,Vaccine Rollout And Registering On Co WIN App,real
ELECTION,MDHÕs asli sach: The Mahashay of Spices with a taste for life,real
ELECTION,Hathras victim deserves justice not slander: Priyanka Gandhi,real
ELECTION,Ruckus in Lok Sabha over Anurag ThakurÛªs remark on Nehru-Gandhi family; Congress seeks apology,real
TERROR,Systemic Change: Hits And Misses Of India's Bankruptcy Reforms Code,real
ELECTION,Govt working towards upgradation and development of 160 zoos under PPP mode,real
GOVERNMENT,"Fact Check: No, PM Modi was not watching the Imran Khan-Donald Trump meet on the big screen.Fact Check: No, former PM Manmohan Singh is not a chief guest at Joe Biden's swearing-in ceremony",fake
MISLEADING,"Fact Check: Did 6 lakh votes of Rahul Gandhi from Wayanad seat get deleted?.Fact Check: No, Rahul Gandhi hasnt won Wayanad seat by highest votes",fake
VIOLENCE,Fact Check: This video of pro-Khalistan rally is not linked to farmersâ protest,fake
TERROR,SC shocked to see shirtless man on screen during virtual hearing,real
VIOLENCE,Bengal Governor notice to Cooch Behar Panchanan Barma University for not inviting to convocation,real
ELECTION,"Ashok Gehlot hits out at Kapil Sibal, Congress again in war of words",real
GOVERNMENT,Yogi gives 10-day extension to Hathras SIT,real
COVID-19,Sachin Tendulkar donated Rs 250 crores to fight against Coronavirus? HereÕs...,fake
GOVERNMENT,Fact Check: Did Public Chase Away BJP Leader Wearing PM Modi's Mask In .... Fact Check: Did Public Chase Away BJP Leader Wearing PM Modi's Mask In Bihar?,fake
ELECTION,ÔCanÕt suppress dissentÕ: SC rejects SpeakerÕs plea; HC to decide on Sachin Pilot team disqualification tomorrow,real
GOVERNMENT,Fact Check: Biden didnt ignore India; foreign leaders are not invited to US Presidential inauguration,fake
ELECTION,Govt updates self-declaration form for flyers,real
VIOLENCE,"Release 2 social workers on bail, order remanding them to custody Û÷totally impermissibleÛª, says SC",real
GOVERNMENT,Net suspended after violent Rajasthan stir,real
GOVERNMENT,Fact Check: Did PM Modi pay homage to Nathuram Godse? Heres...,fake
POLITICS,Fact Check: Was This Vintage Bicycle Used In India During British...,fake
MISLEADING,Fake News Site Invents Story About COVID-19 Patient Zero Having Sex...,fake
MISLEADING,Fact Check: Old satellite image of Beirut shared as one taken...,fake
ELECTION,Opposition parties give suspension notice in Rajya Sabha over farmers protest,real
TERROR,"Nobel Peace Prize winner WFPÕs India link: PDS reforms, rice ATMs",real
GOVERNMENT,Fake call centre offering jobs busted in Noida; 3 held,real
ELECTION,Rahul: Pandemic fight canÛªt be excuse to exploit workers,real
VIOLENCE,"This viral news of death of DCP Amit Sharma, injured in.... Child Kidnapping Rumours In India Being Spread With Syria Image, Pak...",fake
MISLEADING,Was Mumbai Metro Really Leaking?,fake
VIOLENCE,"Fact Check: Images of fake notes from Telangana go viral linking them to RSS and Gujarat.Fact Check: These Viral Photos Of Protest Against CAA Are From Bangladesh, Not Mumbai",fake
MISLEADING,Baba Ramdev did not donate Rs 800 crore to fight Coronavirus.Fact Check on Website allegations over Coronavirus Fund by Telugu actor Vijay Devarakonda,fake
VIOLENCE,"Two girls found murdered in UP's Shamli, police forms teams to crack case",real
GOVERNMENT,Kerala Win-Win W-578 Lottery Today Results: First prize is Rs 75 lakh,real
POLITICS,"No, Sushant Singh Rajputâs ex-manager Disha Salian is not in this photo with Sooraj Pancholi",fake
MISLEADING,Is there a welfare fund for ÔBattle Casualties and Weapon PurchaseÕ?...,fake
ELECTION,"ÔIn AmbedkarÕs own words, Constitution draft was prepared by a BrahminÕ: Gujarat Speaker",real
VIOLENCE,Fact Check: Old video of Khalistan supporters linked to ongoing farmersâ protest,fake
TERROR,Wont go anywhere  eviction fears trigger insecurity in Shillongs Punjabi colony again,real
VIOLENCE,Actor assault case: Kerala HC refuses plea for transfer,real
TRAD,Around 200 pro-BJP pages removed in Facebookï¿½s largest purge in India,real
COVID-19,"With 28,701 fresh cases IndiaÛªs COVID-19 tally crosses 8.78 lakh, death toll climbs to 23,174",real
GOVERNMENT,Jharkhand defeat ends Om Mathurï¿½s unbroken streak as BJPï¿½s top election manager,real
POLITICS,"Fact Check: No, Google Maps has not removed LOC from Indian map.Fact Check: Has Google Maps removed LoC from Indian map?",fake
TERROR,IBC Tweaking: List Of Offences Likely To Bar Offenders From Bidding,real
COVID-19,"IIT Madras researchers develop anti-bacterial, biodegradable food wrapping material",real
COVID-19,No announcement of lockdown extension till 4th May 2020 has been made on 2nd April 2020 !,fake
GOVERNMENT,"Fact Check: No, the viral images are not from PMs rally in Bengal",fake
ELECTION,"Nitish made this a model village, but voters here agree with Tejashwi on local issues",real
MISLEADING,Fake: These colleges have not made it mandatory for girl students to have boyfriends,fake
GOVERNMENT,"Farmer leaders welcome SC stay on farm laws, to continue protest till repeal demand met",real
GOVERNMENT,Viral: Fake picture of Stephen Hawking in a protest against Vietnam war,fake
GOVERNMENT,Lt Gen Menon takes charge of 14 Corps,real
POLITICS,Poultry and egg businesses facing uncertain times due to bird flu,real
COVID-19,Have lions been released on the streets to impose a public curfew in Russia? Read the truth..Has Russia released 500 lions on streets to keep people inside? Fact check,fake
TERROR,"India rejects ChinaÛªs total pullback claim, says disengagement process Û÷yet to be completedÛª at LAC",real
COVID-19,Fact Check: Old Pictures Of Former Actor Sana Khan Resurface With.... Coronavirus: Dated Photos Of Kanika Kapoor Meeting Prince Charles...,fake
GOVERNMENT,OpIndia changes Indian journo Jawed Naqviâs nationality to âPakistaniâ to take a swipe at Scroll,fake
MISLEADING,Fact Check: Did Kamala Harris Threaten Trump Supporters?,fake
VIOLENCE,Are Muslims in Birmingham UK creating riots during Ramadan? Fact Check!. Church in Pakistan burnt in revenge against New Zealand shooting? Fact Check,fake
COVID-19,"India changes rules along LAC after Galwan clash, soldiers Ôcan use firearms in extraordinary situationsÕ",real
POLITICS,No Major Terror Attacks Since 2014: Def Minister; Sheâs Wrong. Here Are At Least 7,fake
POLITICS,Fact Check: Did Rajasthan Congress workers shout pro-Pakistan slogans?.Fact Check: Bengal BJP chief posts misleading tweet to depict farmers? support for Modi,fake
POLITICS,GoI awards Param Vir Chakra to JK GovernorÕs fax machine,fake
VIOLENCE,Fact Check: Morphed News Article Screengrab Claiming Greta Thunberg Is A...,fake
MISLEADING,Fact Check: The viral story of this injured Palestinian boy is not true. Fact Check: Braveheart who saved girl from miscreants goes viral? with a twisted story,fake
VIOLENCE,"Modi govt introduces new law awarding death penalty for rape? Clipped video, misleading claim",fake
GOVERNMENT,Map: Women In Parliaments Across The World,fake
VIOLENCE,Fact Check: Viral video of attack on Nitish Kumars convoy is two years old. Video tweeted by Tarek Fateh showing road rage between Saudi women is three years old,fake
MISLEADING,Fact Checked: Man resting his foot on a hospital bed in...,fake
POLITICS,"2 days on, not a murmur within JD(U) urging Nitish to reconsider ?retirement decision?",fake
GOVERNMENT,"No, These Pics Don't Show Tejashwi Yadav Receiving A 'Youngest....Kiren Rijiju praises PM Modi?s efforts toward sports but tweets Brazilian...",fake
GOVERNMENT,DU trying to resolve issues of students aspiring to go abroad for higher studies: HC told,real
GOVERNMENT,Delhi records coldest morning of season so far at 3.4 degrees Celsius,real
GOVERNMENT,Did UP police lathicharge youth sitting on dharna outside CM Yogi AdityanathÕs residence?,fake
COVID-19,"Gujarat: Bride tests positive for Covid-19 in Valsad, quarantined after wedding",real
ELECTION,"A 27-min speech, but no mention of CAA-NRC ï¿½ how Kejriwal is fighting Delhi elections",real
ELECTION,Intemperate language in Governor's letter: Pawar to Modi,real
ELECTION,Fact Checked: Dont believe the news of blast at Karachi mosque...,fake
POLITICS,Matter of pride that Narendra Modi Cricket Stadium has become worlds largest cricket stadium: President Kovind,real
VIOLENCE,Edited video shared as Chinese martial artists performing to the song âJai Hoâ,fake
ELECTION,"Lalu trying to buy MLAs from jail, says Sushil Modi ; Jharkhand government orders probe",real
POLITICS,Beware of this fake website with a Beti Bachao Beti Padao logo,fake
COVID-19,Fact Check: Mystery behind one lakh Shiva Lingas in a Karnataka river solved. Fact Check: Mystery behind ?one lakh? Shiva Lingas in a Karnataka river solved?,fake
GOVERNMENT,BJP names former Bihar Dy CM Sushil Kumar Modi as candidate for Rajya Sabha bypoll,fake
ELECTION,No soft Hindutva in Telangana as Congress goes all out to court all religions,real
GOVERNMENT,Cyclone-hit West Bengal wants trains after May 26,real
GOVERNMENT,"Rajasthan vows MSP on 22 crops, Punjab 2",real
GOVERNMENT,"Ô20,000 farmers will march from western UP to Delhi today to support farm lawsÕ: Kisan Sena",real
VIOLENCE,"3000 Tonnes Gold Reserves Found In UP And Other News You Almost....No, the photographs of RSS workers engaging in relief work are not from Cyclone Fani",fake
MISLEADING,Murder of child in Aligarh: Fact-checking social media claims,fake
VIOLENCE,Fact Check: Old photo of Nitish Kumar and Tejashwi Yadav shared.... 2018 Photo Falsely Shared As Tejashwi Yadav Marching For Gulnaz Khatun,fake
COVID-19,Fact Check: Did Indira Gandhi Address Soldiers At Galwan Valley?,fake
MISLEADING,Fake Alert! Digital artwork of a hurricane given a religious twist,fake
COVID-19,"South-West Delhi DM in self-isolation, tests COVID-19 negative",real
COVID-19,Fact check: Can cocaine kill Corona virus?,fake
VIOLENCE,"No, Police is not beating up this man over new traffic...",fake
POLITICS,"Jaishankar meets new Seychelles president, Doval in Colombo, Shringla wraps up Nepal visit",real
VIOLENCE,'Rhea ChakrabortyÛªs complaint goes against Supreme CourtÛªs order': Sushant Rajput's family lawyer,real
POLITICS,Security Council has become ÔimpairedÕ organ of UN: India,real
POLITICS,"In rare act, Indian Air Force pilot winches up survivors at 17,000 ft in Sikkim",real
MISLEADING,Fact Check: Ministry of tourism didnt ask hotels to remain closed till Oct 15. Fact Check: Fake Ministry Of Tourism Circular Claims Restaurants Shut Till October 15,fake
POLITICS,Fake News About Banks Being Shut For 6 Days In September And Other...,fake
MISLEADING,"Did Rahul Kanwal say chanting ÔVande MataramÕ is anti-national? Clipped video, misleading claim",fake
TRAD,ï¿½Letï¿½s go to courtï¿½ ï¿½ non-BJP CMs band together to move SC to postpone JEE-NEET,real
TERROR,Comments by Trudeau and others: Canada High Commissioner told not to interfere in IndiaÕs internal affairs,real
GOVERNMENT,No restrictions on movement of individuals in J&K: govt,real
GOVERNMENT,Greater Hyderabad Municipal Corporation election results on Friday,real
TERROR,"HC declines plea for pan-India guidelines to protect women from violence, calls it publicity stunt",real
POLITICS,"No, J&K flag has not been removed from the state civil secretariat building",fake
COVID-19,"Fact Check: Nagma goofs up again, calls anti-govt activist Vajpayees niece.Did pro-Modi chanting disrupt Rahul Gandhis Ujjain rally recently? Fact check",fake
MISLEADING,Fact Check: Did A Farmer Die After Being Shot At During....Fact Check: Did a policeman get beaten up while enforcing corona lockdown?,fake
ELECTION,Amarinder calls cabinet meet today to resolve spat between chief secretary and ministers,real
VIOLENCE,Fact Check: Old anti-CAA protest in Kolkata goes viral as Bihar?s opposition to PM Modi . Fact Check: Is this the school bus anti-CAA protesters targeted in Delhis Seelampur?,fake
POLITICS,From Fake News Of Church Attacks To Karnataka Governor's Anthem Faux....Fake News Surrounding Mangaluru's Churches Spread Following Karnataka...,fake
POLITICS,"COVID-19: Conducting exams in varsities in MCQ format not feasible alternative, say academics",real
MISLEADING,Bihar Polls: Old Photo Falsely Shared As Crowd At Yogi Adityanath's....Fact Check: Viral Posts Falsely Claims Central Govt Cleared Singer SP Balasubrahmanyam's Hospital...,fake
TERROR,Over 7 lakh Bihar voters opted for NOTA option,real
ELECTION,Rahul Gandhi aces social media numbers against Prime Minister Narendra Modi,real
MISLEADING,Fact Check: Heres the truth behind the viral video of a...,fake
MISLEADING,Fact Check: Did protesters break into the White House? Heres the...,fake
MISLEADING,Fact Check: Mughal Gardens At Rashtrapati Bhavan Renamed To 'Dr. Rajendra Prasad Garden'.Video Of Professor Hameeda Nayeem Shared As Maharaja Hari Singh's...,fake
GOVERNMENT,Fact Check: Uttar Pradesh CM Yogi Adityanath didn't laugh at martyr's funeral,fake
GOVERNMENT,Delhi hopes US will lift visa curbs: MEA,real
MISLEADING,Modi On Crimes Against Women In Uttar Pradesh,fake
ELECTION,Haryana Assembly monsoon session lasts 168 minutes,real
GOVERNMENT,"Reservation for jobs, promotions Ônot fundamental rightÕ, states canÕt be forced: SC",real
POLITICS,Fact Check: YouTube channelâs claim on power bill waiver is FALSE,fake
ELECTION,"Rajasthan BJP MLA & Jaswant Singhs son Manvendra quits BJP, may join Congress",real
POLITICS,"In 2019, DGCA notice pointed to safety lapses",real
TERROR,Kadam Mila Kar Chalna Hoga: Opposition finds inspiration in Atal Bihari Vajpayees poem,real
POLITICS,Manipurs days of blockades over: Amit Shah says at launch of development projects in state,real
ELECTION,"Sharad Pawar defends CM Thackeray, says he is ï¿½working from homeï¿½ on MVA leadersï¿½ request",real
POLITICS,"Mosque in image shared to target BMC, Uddhav govt over âillegal structuresâ not from Mumbai",fake
VIOLENCE,"Fact Check: Photo of Eid procession in Bangladesh passed off as CAB protest in Mumbai.After Maggi, Toilet Paper To Be Banned in India",fake
GOVERNMENT,Bhupinder Singh Hooda: Farmers fighting for right causeÉ put MSP condition in law,real
VIOLENCE,"TRP scam: Police summon Republic TV CFO, ad world honchos",real
POLITICS,Work with govt to combat climate change: Javadekar to biz honchos,real
COVID-19,Did Pakistani cricket fan in UK break a TV during World Cup match? Fact Check!,fake
POLITICS,"Dog bites goat, lead to clash between 2 UP brothers",real
COVID-19,"Fact Check: Are Unpaid Dues To Iran, UPA Era Subsidies And NPAs...",fake
COVID-19,"ModiÕs UP Election Claims: Some True, Some Exaggerated, Some Selective Facts",fake
MISLEADING,Fact Check: Morphed screengrab of Rana AyyubÕs old interview goes viral with false claims,fake
GOVERNMENT,These pictures of protest are NOT from Tripura; heres the truth,fake
ELECTION,Emotions run high at Congress meet as Rahul Gandhi says non-Gandhi can succeed him,real
VIOLENCE,Fact Check: Picture from Afghanistan shared as Kashmir in the year...,fake
POLITICS,World economy faces tougher start to 2021 as slow vaccine rollouts delay recovery,real
VIOLENCE,"Told Hathras DM to cremate body in the morning but he didnt listen, BJP MP says",real
MISLEADING,This viral post about Nirmala Sitharaman and her daughter is fake,fake
GOVERNMENT,"No, this is not a Pakistani tea advert starring Indian pilot Abhinandan Varthaman",fake
ELECTION,Hugged PM Modi because he gets very angry in Parliament: Rahul Gandhi tells Chennai students,real
GOVERNMENT,"No, Sambit Patra has not been removed from the post of BJP spokesperson",fake
COVID-19,Fact Check: Ambanis to help Kangana with Rs 200 crore for new studio?.Fact Check: Is Central Govt Distributing Rs 2000 To Every Girl Child Under PM Kalyan Aashirvad...,fake
GOVERNMENT,Did Pilibhit Police Organise A Rally During Janta Curfew? A FactCheck,fake
POLITICS,Niti Aayog at 6 ï¿½ some ideas too ï¿½ambitiousï¿½ but Modi think tank has many reforms up its sleeve,real
VIOLENCE,2011 Video Of Prashant Bhushan Being Beaten Revived After Contempt,fake
GOVERNMENT,Dont believe this FAKE picture of Mamata Banerjee and PM Imran...,fake
ELECTION,Bangla CPM mouthpiece blames BJP for mischief as article with China statement sparks outrage,real
COVID-19,UP govt approved estimated budget of Rs 1.33 cr NOT Rs 133 cr for ÔDeepotsavÕ; media misreports,fake
GOVERNMENT,Honorary Degree To PM Narendra Modi Retracted And Other News You...,fake
TERROR,ONGC Assistant Executive Engineer results 2019 declared at ongcindia.com | Direct link to PDF here,real
MISLEADING,"Did Yogi, Omar Abdullah make these statements? Here?s the truth.Fact Check: Do not believe this hoax about the death of Kobe Bryants wife",fake
MISLEADING,"Fact Check: No, Rahul Gandhi hasnt won Wayanad seat by highest votes.Fact Check: No, Election Commission Has Not Declared Recounting Of Votes On 25 Seats In Bihar",fake
MISLEADING,"Fact Check: Bengali Has Not Been Declared As The Second Official Language Of London.Fact Check: No, Bangla has not been declared the second language of London",fake
COVID-19,Will be disappointed if PM doesnt announce lockdown: Chidambaram as Coronavirus spreads,real
GOVERNMENT,Odisha: Tribal girl raped for months by headmistressÕ husband; arrested after she gets 3-mth pregnant,real
GOVERNMENT,"Toeing Punjab and Chhattisgarh, Rajasthan introduces three bills to counter CentreÕs farm laws",real
MISLEADING,Fact Check: Fake Quote Of Imran Khan Refusing To Share Corona Vaccine Goes Viral. Fact Check: Viral message attributed to Ratan Tata is false,fake
MISLEADING,Fact Check: Morphed image of ÔBill and Melinda Gate FoundationÕ building...,fake
COVID-19,"Record 9,987 Coronavirus cases, 331 deaths in 24 hrs; IndiaÕs infections cross 2.66 lakh, fatalities at 7,466",real
COVID-19,Covid-19: Centre engages 16 districts with 17% of overall active case load,real
VIOLENCE,"Fact Check: Police protesting against CAA? No, these pictures are fake",fake
VIOLENCE,"Professors, poet, lawyers: The 10 Maoists arrested for Bhima-Koregaon violence",real
COVID-19,Fake alert: Did Rahul Gandhi address Sushant Singh Rajput as a...,fake
ELECTION,"Revival of economy post-Covid lockdown clearly visible, says Sitharaman",real
VIOLENCE,Video from 2018 falsely viral as Indian Constitution burnt by RSS members,fake
COVID-19,India joins global partnership on Artificial Intelligence as founding member,real
GOVERNMENT,Lack of funding hampering marine research: UNESCOs IOC report,real
ELECTION,"Contest 2024 poll on Rafale plank, Goyal dares Rahul",real
GOVERNMENT,Sambit Patra ascribes false âI am Hindu by accidentâ quote to Jawaharlal Nehru yet again,fake
GOVERNMENT,Mehbooba MuftiÕs detention under PSA extended for 3 months: Reports,real
ELECTION,"Shah to Yogi, BJP deploys its big guns for high-stakes municipal polls in Hyderabad",real
ELECTION,Parliament Session Day 6: LS clears Taxation bill; fierce debate on PM Cares fund; and more,real
GOVERNMENT,Cadbury products contaminated with HIV? Old image from Nigeria used to share false claim,fake
VIOLENCE,Sushant Singh Rajput death: ED files money laundering case,real
VIOLENCE,Fact Check: Video of monkeys invading is from South Africa not Gandhi Hospital.Video of monkeys creating havoc in hospital ward is NOT from India,fake
COVID-19,Mumbai mall blaze: Fire-fighting continues after 36 hours,real
TERROR,PoK inks pact with Chinese firm for hydropower project,real
GOVERNMENT,DonÕt fall for this FAKE picture of PM Modi holding ÔBurnolÕ,fake
POLITICS,Hyderabad Encounter: News Channels Misreport Using 2015 Image,fake
VIOLENCE,Old clash video from Delhi shared as NRC List clashes in Assam.Fact Check: Gory video from Dhaka shared as cops thrashing NRC protesters in Assam,fake
COVID-19,"With 61,537 fresh cases Indias Coronavirus tally nears 21 lakh; death toll at 42,518",real
GOVERNMENT,"Modi sticks with Harsimrat Kaur Badal, picks her over husband Sukhbir",real
VIOLENCE,"No, this is not a photo of an Indian soldier injured in a Kashmir suicide bomb attack.No, this is not a photo of people killed in a 2002 train attack in India",fake
POLITICS,Fact Check: These are not the mortal remains of soldiers who...,fake
POLITICS,Fact Check: Did BJP?s Delhi Unit Leader Ask Supporters To Resort.... Fact Check: Did Aam Aadmi Party Pay People To Participate In...,fake
GOVERNMENT,"Fact File: Women Reservation Bill- BJP gave only 8% ticket to women candidates, Congress just 12%",fake
GOVERNMENT,Citizens have option of not sharing information: Centre at NPR meet amid concerns,real
TERROR,UP govt sets up Disaster Relief Team to deal with locust attacks,real
GOVERNMENT,Sachin Pilot back in Rajasthan Congress mainstream: Sources,fake
TRAD,Discovery fan with an elephantï¿½s memory ï¿½ 5 facts about Uddhav Thackeray you didnï¿½t know,real
MISLEADING,Media misreports a video shoot as woman leaving behind her child while talking on phone,fake
ELECTION,Its Rahul Gandhi again  Congress all set to bring him back as party chief,real
POLITICS,Fact Check: This picture of people burning Indian flag is not...,fake
ELECTION,"Chhattisgarh isnt a Rahul-Modi battle, its a fight between CM Baghel & Raman Singh",real
VIOLENCE,"Video of crocodile rescued from streets of Vadodara, Gujarat shared as Patna, Bihar",fake
MISLEADING,"Fact Check: No, Indira Gandhi Did Not Force Sitaram Yechury To Resign As JNUSU President",fake
MISLEADING,Fact Check: The viral story of this injured Palestinian boy is not true.Fact Check: Braveheart who saved girl from miscreants goes viral? with a twisted story,fake
POLITICS,From No MoU Signed For The Bullet Train To Aliens In Vizag: News You...,fake
GOVERNMENT,"Indian Railways start tatkal quota, parcel service, 4-month advance booking for 230 trains",real
ELECTION,I&B ministry tells DD & AIR to ensure level-playing field for all parties after EC rap,real
ELECTION,"Big Setback For BJP, Rahul Gandhi Decides To Join BJP",real
TERROR,Vadodara MP opposes making of building overlooking Pratap Vilas Palace,real
ELECTION,"Sidelined in BJP, ex-CM Raman Singh fights a lone battle in Chhattisgarh",real
TERROR,RanaÛªs extradition will throw light on ISI activities: Special public prosecutor,real
GOVERNMENT,India one of the most attractive investment destinations globally: PM Modi in Thailand,real
MISLEADING,Fake Lokniti Survey Predicts Telugu Desam Party Win In Andhra Pradesh,fake
ELECTION,Sonia Gandhi leads Congress protest against Maharashtra govt formation in Parliament,real
VIOLENCE,"No, these are not coffins for Indian security forces killed in a Maoist attack in May 2019.No, these are not photos of Indian soldiers after a deadly Kashmir suicide attack",fake
COVID-19,"Bill Gates, vaccines and population control make for infectious conspiracy theory",fake
COVID-19,"1,462 fresh COVID-19 cases take Delhi's tally to 1,20,107; death toll rises to 3,571",real
VIOLENCE,CBI takes over probe into alleged gangrape of Dalit woman in Hathras,real
COVID-19,"Photo of Nehru, Indira Gandhi shared with false portrayal of her father-in-law being ÒYunus KhanÓ",fake
COVID-19,Fact Check: Will calling on 8866288662 get you a free Netflix subscription?.Fact Check: Do not click on this dubious web link to claim GST refund,fake
POLITICS,This man is not carrying the horse because it was bitten...,fake
VIOLENCE,BJP MLA Karni Singh vandalised AmbedkarÕs statue? HereÕs the truth,fake
POLITICS,Piyush Goyal sparks Twitter storm after 2016 video of him reciting Kalma surfaces,real
POLITICS,Imran Khan will be sworn in as PM before independence day: Pakistan Tehreek-e-Insaf,real
VIOLENCE,ED arrests Cox & Kings promoter Peter Kerkar in money laundering case linked to Yes Bank,real
GOVERNMENT,MP horror: Auto driver brutally assaulted in Jabalpur over road rage; video goes viral,real
TERROR,SC notice to UP govt on appointment of assistant basic teachers,real
MISLEADIND,"Fact Check: This is not Amulya, the girl who raised Pakistan Zindabad slogans in 2020, at the farmers' protest",fake
COVID-19,Û÷Lessons from Swachhta Mission important in fighting CovidÛª: PM Modi at launch of Rashtriya Swachhata Kendra,real
VIOLENCE,Fuel Price Pinch In India: Viral Pic Claiming German Mass Protest Is....This viral video of a meat market is NOT from Wuhan;...,fake
TERROR,Validity of Motor Vehicle documents extended till December this year,real
VIOLENCE,Unrelated Video From Bihar Shared As Proof Of Police Brutality,fake
POLITICS,These are the unfulfilled tasks for which Modi govt is asking for another 5 years,real
ELECTION,Time To Rename AAP As Avengers?,real
POLITICS,"ÔNot subject to our provisions,Õ says ICAO on PakÕs airspace denial to PM ModiÕs flight",real
GOVERNMENT,"Public transport services may resume operations soon, Govt formulating guidelines: Nitin Gadkari",real
VIOLENCE,Fact Check: Viral video of BJP MP being attacked resurfaced from 2016 with FALSE claims,fake
POLITICS,S Jaishankar meets EU leaders; holds wide-ranging talks that would Ôbenefit both India and EUÕ,real
GOVERNMENT,"No, this is not a real photo of former US president Barack Obama watching Indian Prime Minister Narendra Modiâs inauguration",fake
ELECTION,"Those demanding Congress internal elections right now only helping BJP, Kumari Selja says",real
POLITICS,"Biden will prioritise defence and security partnership with India, says Obama-era official",real
MISLEADING,Audio Clip Advising Against COVID-19 Tests Falsely Attributed To Maha...,fake
GOVERNMENT,Breaking Fake News: Times Now announces arrest of Nirav Modi in Hong Kong,fake
GOVERNMENT,Centre wants J-K to speed up work for providing piped water to households under Jal Jeevan Mission,real
VIOLENCE,Video shared to make misleading claim that Hathras victimÕs family did her last rites,fake
GOVERNMENT,Decision of fee hike for MTech in IITs deferred by HRD Ministry until next meeting,real
COVID-19,"Media Agencies Present Incomplete Information, Saying 'US Backs India's New Farm Laws'. Fact Check: Dubious Infographic Stating 'Risk Of Community Transmission In Indian States' Propagated ...",fake
ELECTION,Patients didnÛªt recover by eating Û÷BhabhijiÛªs papadÛª: Sanjay Raut defends Maharashtra govt taking jibe at BJP,real
COVID-19,Parody Accounts Apparently Created For Fun Have Become Hot Beds Of...,fake
POLITICS,False: Service matter of J&K government employees not to be heard in Chandigarh,fake
VIOLENCE,Old video from Bangladesh shared as âIslam Zindabadâ slogans raised in West Bengal,fake
COVID-19,"Fact Check: Is Rewa Solar Power Plant Asia's Largest Solar Power Project As Claimed By PM Modi?. HoaXposed: Minister shares picture of Korean floating solar plant, claims its in Kerala",fake
MISLEADING,Fact check: Viral video of Hyderabad floods date back to September 2019,fake
GOVERNMENT,Mumbai Congress Chief Tweets Photoshopped Picture Of Modi,fake
GOVERNMENT,Old image from Bihar shared as pothole-filled road in Rahul GandhiÕs constituency Wayand,fake
COVID-19,5 Things To Know About WhatsApp's 'Forwarded Label' Feature To Fight...,fake
POLITICS,Fact Check: Still from the film Parzania being circulated with anti-RSS...,fake
GOVERNMENT,"Gabbar Singh has a look-alike, but he is not from Karachi as reported by Pak and Indian media",fake
MISLEADING,Mysterious twitter handle scripts alleged encounter 6 days back.Dr Aishas claim on Twitter as a Covid-19 victim sends many into mourning; Fact Check,fake
GOVERNMENT,"Cracks appear in BJPï¿½s backbone: We need change, chant MPï¿½s business community",real
GOVERNMENT,"Û÷Migrant workers want to return to citiesÛª, SC told",real
VIOLENCE,Man disguised as Sikh to protest against CAA? DonÕt believe this...,fake
GOVERNMENT,"Heatwave in parts of Delhi, mercury crosses 45 degrees Celsius-mark",real
MISLEADING,Fact Check: Andhras new election commissioner was not an Evangelical Lutheran pastor.WhatsApp forward claiming COVID-19 deaths under Govt Insurance Scheme is Misleading,fake
COVID-19,"Days after jab, Vij tests positive; took only one dose, says Centre",real
POLITICS,"Indian-origin Hari Shukla, 87, first to get coronavirus vaccine in UK",fake
VIOLENCE,Man holding viral placard falsely compared with a Twitter user with Muslim identity,fake
ELECTION,BJP MP Saumitra Khan says will file for divorce as wife joins Trinamool Congress,real
GOVERNMENT,Shiromani Akali Dal targets Kamal Nath as MHA to reopen 1984 riot cases against him,real
MISLEADING,Fact Check: Fake AAP candidates list goes viral with communal spin. Fact Check: List of UP Congress' minority cell members viral with communal twist,fake
TERROR,India targeting Beijing as Ôimaginary enemyÕ: Chinese media,real
POLITICS,Old tampered video showing Barack Obama tossing away Melania TrumpÕs gift resurfaces,fake
VIOLENCE,Video Game Clip Revived Falsely Claiming IAF Air Strikes In PoK.2016 Flogging Video From Malaysia Revived With China-Pakistan Spin,fake
GOVERNMENT,No! Priyanka Chopra never made this statement; hereÕs the truth,fake
VIOLENCE,"Rhea Chakraborty gets bail in drugs case, released from Byculla jail after nearly a month",real
POLITICS,200 civil society groups to come together to give opposition unity a fresh push,real
ELECTION,Bigil controversy: Congress comes to Vijay's defence,real
POLITICS,Viral Image Of Indian Tricolour At Kashmir's Lal Chowk Is Photoshopped,fake
COVID-19,"Viral photo of Indira Gandhi addressing Army jawans is from Leh, not Galwan Valley",fake
VIOLENCE,Fact Video: Old video of PM Modiâs mock funeral linked to recent farmersâ protests,fake
COVID-19,Fact Check: Statement of Dushyant Chautala supporting BJP is five years old,fake
VIOLENCE,"No, this video does not show an Indian politician pointing a gun at an opponent during a live television debate",fake
COVID-19,Old image shared to claim Jignesh Mevani slapped in Begusarai,fake
GOVERNMENT,Fact Check: Kangana Ranaut Claims She Was 'Forced To Vote For Shiv...,fake
VIOLENCE,Video Of A Brawl At Delhi Hotel Falsely Shared As Kashmiri Workers...,fake
MISLEADING,Did Ratan N Tata tweet this? Heres the fact check,fake
VIOLENCE,This video was made viral after tampering its audio and inserting slogans against RSS.The audio clip released in connection with Surats Muslim vegetable vendors is fake.,fake
GOVERNMENT,Koi keh raha hain jaati ke aadhaar par danga karayenge: UP CM says he won't allow unrest in the name of victim,real
COVID-19,Human trials of four Indian vaccines soon,real
ELECTION,"CM Uddhav Thackeray quells rumours, says lockdown ÔwonÕt be re-imposedÕ in Maharashtra",real
MISLEADING,The Ministry of Tourism has NOT issued any order of closing down restaurants till October.Fact Check: Ministry of tourism didnt ask hotels to remain closed till Oct 15,fake
POLITICS,"No, Indian govt has NOT removed ânationalityâ column from passports",fake
GOVERNMENT,Fact Checked: This picture wasnt taken after Sri Lankas Easter bombing,fake
GOVERNMENT,"On agitation path, Rahul, Priyanka stir Cong cadre in UP",real
TRAD,Haryanaï¿½s powerful Home Minister Anil Vij locks horns with CM Khattar again as lockdown eased,real
COVID-19,"Indias Coronavirus cases per lakh population lowest in world, recovery rate improves to 55.77%: Govt",real
GOVERNMENT,Annual Amarnath Yatra called off this year due to coronavirus concerns,real
VIOLENCE,Fact Check: This Video Of Protest By LIC employees Is From...,fake
MISLEADING,"Fact Check: No, the woman in the viral photo is not Parle-G girl.Fact Checked: The woman in this viral picture is not Wing...",fake
VIOLENCE,Ravish Kumarâs photo covering 2018 farmersâ protest shared as him joining recent movement,fake
VIOLENCE,Video Of UP Couple Self-Immolating Over Police Apathy Shared With...,fake
GOVERNMENT,Centre announces MSP for 6 crops; Rs 50 increase for wheat,real
ELECTION,"Kamal Nath, Digvijaya Singh biggest traitors, betrayed voters trust, says Scindia",real
GOVERNMENT,"Fact Check: Don?t believe this picture of a bear crying over.... Fact Check: Don?t fall for this old picture, it has nothing...",fake
TRAD,"Fact Check: Hereï¿½s the truth about Rs 5, Rs 350 note...",fake
POLITICS,Mid-Day Accuses NGO Of Fraudulent Fund Raiser; Facts Read Otherwise,fake
POLITICS,"Bandra is the new South Mumbai, and its nothing to be proud of",real
COVID-19,Coronavirus pandemic LIVE | Cases in India jump to 153; Europe death toll exceeds Asias,real
GOVERNMENT,Fake quote from parody account ascribed to journalist Rana Ayyub viral on social media,fake
GOVERNMENT,Rema Rajeshwari: Telangana's Super Cop Fighting Fake News,fake
POLITICS,Congress social media head Divya Spandana quits Twitter to ï¿½take a breakï¿½ from politics,real
VIOLENCE,ÔIMCT= I Must Cause TroubleÕ: TMC slams centreÕs COVID-19 monitoring team,real
VIOLENCE,Video Of PM Modi's Speech In China Misspelling 'STRENGTH' Goes Viral,fake
GOVERNMENT,Fact Check: This 50-yr-old bridge in Gujarat that collapsed was not inaugurated by PM Modi,fake
COVID-19,"No, Anti-malaria drug chloroquine is not a cure for Coronavirus !",fake
COVID-19,China offers $1 billion loan to Latin America and the Caribbean for access to its Covid-19 vaccine,real
MISLEADING,"Did Rahul Kanwal say chanting âVande Mataramâ is anti-national? Clipped video, misleading claim",fake
COVID-19,No new provision added on blocking of content: Ministry of Information and Broadcasting,real
POLITICS,From Netflix subscriptions to job offers; BJPÕs CAA support number is...,fake
TERROR,"ÔUltimately, democracy is about persuasion, dialogue, reaching outÕ: Ravi Shankar Prasad",real
POLITICS,"Trump has hit the right chord with India, Indian-Americans, say his campaign officials",real
POLITICS,"Old, unrelated photos viral as Zee News office attacked for insulting Delhi voters",fake
POLITICS,"First time in history, Railways achieves 100% punctuality",real
ELECTION,NDA govt pushes major river-linking projects in RJD bastion north Bihar,real
POLITICS,ÒHDK blames India for terror crisisÓ: Times Now misquotes Karnataka CM on Pulwama attack,fake
COVID-19,Fact Check: Has Emperor Ashokas distorted statue been discovered in Patna?...,fake
POLITICS,"No, the head of Indiaâs opposition Congress party did not promise to provide farmland on the moon",fake
POLITICS,"India, China can achieve peace by common Buddhist culture: Dalai Lama",real
GOVERNMENT,PM Modi didnÕt bow down in front of Chinese Prez Xi...,fake
ELECTION,BJP appoints former Maharashtra CM Fadnavis as Bihar poll in-charge,real
MISLEADING,Fact Check: Fake names of Hyderabad rape accused go viral with communal twist.Fact Check: Murder Of Student In Hyderabad Shared With Misleading Communal Claims,fake
POLITICS,Farooq calls for protection of J&K linguistic heritage,real
COVID-19,Fact Check: Are Hand Sanitizers Effective After Its Expiry Date?,fake
POLITICS,From Netflix subscriptions to job offers; BJPs CAA support number is...,fake
TERROR,Interference in personal relationship Ôserious encroachmentÕ: Allahabad High Court,real
POLITICS,Avoid vague laws to restrict freedom: UNHCR to India,real
POLITICS,UP Mughal Museum renamed after Shivaji,real
GOVERNMENT,"The eternal flame of Dravidian politics is extinguished. Farewell, Kalaignar Karunanidhi",real
COVID-19,Fact Check: Kancha Ilaiah's image wrongly circulated as 47-year-old JNU student,fake
ELECTION,"Owners of Dilip Kumar, Raj Kapoors ancestral houses in Pakistan refuse govts property rate",real
TERROR,"Set up four Courts of Appeal, make SC constitutional court: AG",real
MISLEADING,A call for lynching in Bengaluru after JinnahÕs picture spotted on a bus. And the truth is ..,fake
TERROR,Jamia first in education ministry assessment of Central University,real
GOVERNMENT,Fake quote ascribed to INCÕs Priyanka Chaturvedi: Use of solar energy will cool down Sun,fake
VIOLENCE,Citizenship Amendment Act Protests: Muslim Disguised As A Sikh? A...,fake
VIOLENCE,Old video of inter-family dispute shared as BJP MLA beating up a dalit youth,fake
VIOLENCE,Fact Check: Old picture shared as photo of Indian soldiers killed...,fake
POLITICS,"False: 40 Out Of 62 AAP MLAs Accused Of Rape. Almost 70% of MLAs in Bihar?s new assembly face criminal cases, up 10% from the last one",fake
COVID-19,Fact Check: Were Rahul and Priyanka caught joking on way to meet Hathras victims kin?,fake
MISLEADING,Fact Check: Viral WhatsApp Audio Clip Claiming India Will Go Into A Lockdown Is Fake. Fact Check: Viral Audio Claiming Two Months Lockdown In India Is Fake,fake
GOVERNMENT,"Uddhav urges truce in metro car depot row, says Modi govt should act for Mumbais welfare",real
POLITICS,"PM Modi launches Mahabahu-Brahmaputra, lays foundation stone of two bridges in Assam",real
POLITICS,"Fact check: No, Amit Shah has not been flown to NY for cancer treatment",fake
GOVERNMENT,Don't Throttle Private Schools,real
ELECTION,"Gujarat CM Vijay Rupanis condition stable after he faints at rally, says hospital",real
COVID-19,Meet the country that passes no law unless it improves citizens' well being,real
COVID-19,"Fact Check: Has TATA Motors Launched Cab Service To Compete Against.... Fact Check: Has TATA Motors Launched Cab Service To Compete Against Uber, Ola?",fake
TERROR,"CPC expels XiÛªs critic, who accused him of provoking conflict with India to divert attention",real
GOVERNMENT,8 states finalise action plan for agri export policy: Govt,real
VIOLENCE,Burqa-clad man caught voting in womanâs name? Fact check,fake
POLITICS,4 Northeastern States Have Highest Death Rates Due To Malaria,fake
ELECTION,Rahul Gandhi promises to get womens quota bill passed if Congress comes to power in 2019,real
POLITICS,"Actor tweets 2017 image of Kashmiri child doing sit-ups, says #Kashmirbleeds",fake
POLITICS,Fact Check: Did Nepal soldiers gun down 7 Indian soldiers for ceasefire violation?. Fact Check: Did Muslim Regiment Deny Fighting Against Pakistan In 1965 War?,fake
POLITICS,Forces told to be fully prepared for unprecedented LAC action,real
ELECTION,Bihar: New deputy CMs picks of Sushil Modi,real
POLITICS,ÔCitizenship Act is not to revoke anyoneÕs citizenshipÕ: PM Modi at Belur Math,real
COVID-19,Honda Giving Activas For Diwali? Don't Get Taken For A Ride By This...,fake
COVID-19,"Coronavirus positive toddler in Lucknow tests negative, will be discharged",real
COVID-19,Fake claims of Coronavirus infected woman in Delhiâs Rani Bagh.,fake
GOVERNMENT,Assam CM escaping from his house due to CAB protest? Heres...,fake
COVID-19,Indian shares set record closing highs as banks surge,real
POLITICS,"China dared enter India & kill soldiers, Modi has weakened nation: Rahul",real
ELECTION,Govt to list non-respiratory symptoms,real
VIOLENCE,UP Police files cases against over 100 foreigners who attended Tablighi Jamaat activites for violating visa rules,real
TERROR,"Will review Jharkhands contentious anti-conversion law, domicile policy of BJP govt: Soren",real
ELECTION,"BJP Û÷murdered democracyÛª in Manipur to remain in power, says Congress leader Ajay Maken",real
VIOLENCE,"Two Punjab AAP MLAs sent back from Canada airport, party ex-member says itï¿½s on his tip-off",real
POLITICS,Fact-check: Did Mumbai police pay respects to Hazrat Pir Mahim for the first time under Shiv Sena?,fake
MISLEADING,Fact Check: Article 35A Didn't Provide Citizenship To Pakistani Muslims In Kashmir,fake
POLITICS,Muslims Dominate AAP's Delhi Polls List? Party Says Not Their List,fake
POLITICS,MHA calls 3 IPS officers of Naddas security detail in Bengal to serve in central deputation,real
GOVERNMENT,How a fake account with anti-Hindu tweets is tripping the right-wing,fake
TERROR,SC stays Madras HC order disallowing liquor sale in Tamil Nadu,real
COVID-19,Fact Check: Did Jamiat Ulema-e-Hind Write To Sonia Gandhi Against....Fact Check: Did Jamiat Ulema-e-Hind Write To Sonia Gandhi Against Supporting Shiv Sena?,fake
VIOLENCE,Fact-check: Video of elderly man stripped naked and beaten is from Bangladesh,fake
COVID-19,Video Of Protests In Spain Over COVID-19 Restrictions Peddled As.Croatia Earthquake Pics Peddled As Italy Overwhelmed With COVID-19...,fake
GOVERNMENT,"AAP MLA Amanatullah KhanÕs relatives beaten, humiliated by cops over celebration",real
COVID-19,"Rajasthan: Once employers, migrants now uncertain about going back, restarting businesses",real
VIOLENCE,"Revenue officer, 2 others Û÷rape UP womanÛª in moving car",real
VIOLENCE,Video of Hindu ritual shared as Òcows forcefully made to run over Muslims in IndiaÓ,fake
GOVERNMENT,Over 400 detained In Manipur for not wearing masks in public amid pandemic,real
ELECTION,"BJP alleges over 1,200 rapes took place in JÕkhand in 10 months, submits memorandum to Guv",real
MISLEADING,"Did PM Modi announce total alcohol ban? No, photoshopped news clip viral",fake
VIOLENCE,"3 siblings, upset after motherÛªs death, commit suicide",real
POLITICS,TMC MLAs Going On A Rampage In 2006 Revived With False Claim,fake
COVID-19,COVID-19: First batch of 88 nurses from India arrive in UAE,real
MISLEADING,"Fact Check: Not wrong image, Alia shared pic of Preambleâs old version",fake
TERROR,SBI Clerk Prelims Results 2020 declared: Heres how to check your prelims result,real
VIOLENCE,Maharashtra grants seventh and ÔfinalÕ extension to Koregaon Bhima Commission of Inquiry till Dec 31,real
VIOLENCE,Warning issued against phishing attack from Pakistan using fake Aarogya Setu app,real
VIOLENCE,Old video of expired chicken discarded in Saudi Arabia viral as âboycott of French productsâ,fake
TERROR,"China rattled by Û÷boycott ChinaÛª campaign launched by Ladakhis, echoed by rest of India",real
GOVERNMENT,Some roads to Delhi closed as farmers to hold talks with Centre,real
COVID-19,"Beware! How to spot a fake Rs 500 and 2,000 note",fake
GOVERNMENT,Did Arvind Kejriwal Say 'We Are Ready To Support Congress'?,fake
MISLEADING,Fact Check: Old Picture Of Bullock Cart Rally Falsely Linked To...,fake
VIOLENCE,Fact Check: This video of a disabled beggar fooling people is...,fake
COVID-19,Û÷Covid-19 vaccine not this yearÛª; CCMB Director contradicts ICMR,real
GOVERNMENT,How do fake news sites like Postcard News flourish? Who provides a helping hand?,fake
VIOLENCE,"Fact Check: No, The Girl Who Raised ï¿½Pro-Pakistanï¿½ Slogans In Owaisiï¿½s...",fake
POLITICS,"Delhi voter turnout was 62.59%, says Delhi chief electoral officer after ï¿½delayï¿½ row",real
TERROR,Ram Janma Bhoomi-Babri Masjid Land Title Dispute: Verdict Explained,real
TERROR,Defence ministry shortlists firms to build six conventional submarines in India,real
POLITICS,Fact Check: Manoj Tiwari did not violate the lockdown; heres the...,fake
GOVERNMENT,Modi on 26/11 anniversary ? ?We can never forget wounds inflicted by terrorists from Pakistan?,fake
ELECTION,Ruckus in Lok Sabha over Anurag Thakurs remark on Nehru-Gandhi family; Congress seeks apology,real
GOVERNMENT,3-year-old girl molested by 60-year-old neighbour in Delhi,real
ELECTION,Tamil Nadu chief minister's mother passes away at 93,real
ELECTION,"Not hate speeches, BJP identifies Congress & its own star campaigners for Delhi defeat",real
COVID-19,Fact Check: Is Rewa Solar Power Plant Asia's Largest Solar Power Project As Claimed By PM Modi?,fake
TERROR,Ravi Shankar Prasad says Shaheen Bagh protest is against Modi and not just against CAA,real
VIOLENCE,Old video of Indo-US joint military exercise shared as ÔLive encounter in KashmirÕ,fake
COVID-19,Random COVID-19 test for people coming from Delhi to Noida from Wednesday,real
VIOLENCE,Man in viral video urging Muslims to set targets is NOT owner of Himalaya Drug Co,fake
GOVERNMENT,Mamata Banerjee announces jobs for Maoist victimsÛª families in Jangalmahal,real
COVID-19,"Gujarat Declared Free Of Open Defecation A Year Ago. But In 4 Districts, Toilets Without Walls, Water And Unconvinced Locals. 110 Million Toilets Built, But Claim That India Free Of Open Defecation Not True",fake
POLITICS,GST losses: Mamata urges PM Modi to borrow money to compensate states,real
VIOLENCE,"CoimbatoreÕs class 11 girl out in park to celebrate her BÕday, gang-raped by 6 men: Police",real
COVID-19,Karnataka govt announces lockdown again in virus-hit clusters in Bengaluru,real
VIOLENCE,MP Assembly Poll Video Shared As EVM Tampering In General Elections,fake
ELECTION,"Hardik Patel Happy With Govt's 10% Quota Bill, May Contest Lok Sabha Polls",real
COVID-19,Herd of deers spotted on Ooty-Coimbatore road amid lockdown? HereÕs the...,fake
GOVERNMENT,"ÔFarmers being misled, reforms will give them options for a bigger marketÕ: PM Modi in Varanasi",real
ELECTION,"Many Indians donÕt consider Dalits, Muslims and tribals human: Rahul on Hathras case",real
ELECTION,Congress claims support of 109 MLAs as Sachin Pilot rebels,real
TERROR,Touch-free handwash system in Chennai market,real
POLITICS,"Sushant Singh Rajput is not dancing with his ânieceâ in this video, media misreport",fake
VIOLENCE,Militant behind BJP leaderÛªs killing shot dead in Baramulla,real
ELECTION,"Caste, vikas and Bihar: How the stateÕs electoral landscape has changed since 2005 -- explained with graphs",real
ELECTION,LaluÕs elder son Tej Pratap files papers,real
POLITICS,Rahul Gandhi questions quality of ventilators purchased with money from PM CARES fund,real
VIOLENCE,2012 Video Of A Mob Setting Fire To A Church In Pakistan Revived,fake
VIOLENCE,CBI seeks action against 4 officials in Unnao rape case,real
GOVERNMENT,Lack of incentives & infrastructure are hurdles to Modi govts plan to scrap old vehicles,real
GOVERNMENT,Sabarimala Row: Did Kerala BJP Call For A Hartal Based On Fake News?,fake
GOVERNMENT,"ÔExtremely anguishedÕ: PM Modi, Railways minister, other leaders condole death of 14 migrants",real
TERROR,"Class 10th, 12th board exams of NIOS to be held from July 17",real
VIOLENCE,Fact Check: Video Of Man Being Thrashed In Delhi Goes With False Coronavirus Claims,fake
ELECTION,BJP-led Central Govt trying to hide economic slump by data manipulation: Congress,real
GOVERNMENT,"At national executive, Modi tears into opposition, terms Congress leadership a ï¿½liabilityï¿½",real
MISLEADING,Viral Posts Claiming Cycle Girl Jyoti Paswan's Rape And Murder Are...,fake
GOVERNMENT,"Veteran broadcaster, academic-poet Obaid Siddiqui passes away",real
ELECTION,Congress dares JJP to quit alliance in Haryana,real
GOVERNMENT,Did people worship tarred roads in Tripura barefoot? What is the truth?,fake
MISLEADING,Fact Check: Video Viral With Claim Of Karnataka Medical Officials Fake Covid Vaccination.Fact Check on Website allegations over Coronavirus Fund by Telugu actor Vijay Devarakonda,fake
VIOLENCE,Screengrab From The Film Parzania Shared With Anti-RSS Caption,fake
TERROR,"Foiled Pulwama car bomb attack joint JeM-Hizbul op; 20 CRPF vehicles target, suspect security forces",real
POLITICS,"Make Mandarin must for troops, ITBP instructed",real
VIOLENCE,Pakistani Defence Analyst Tweets Hyderabad Murder Video With Communal....Fact Check: Video From Pakistan Falsely Shared As People Violating Lockdown Rules In Hyderabad's...,fake
GOVERNMENT,Goa Congress protests in Karnataka against double tracking of South Western Railway,real
VIOLENCE,Beheading From Brazil Shared With Communal Spin As Rajasthan,fake
POLITICS,Fact Check: Manmohan Singh was NOT the Prime Minister of India....Fact Checked: No! Former Prime Minister Manmohan Singh never tweeted this,fake
VIOLENCE,"An old incident of police lathi charge from Unnao is being linked to a current event where it is being claimed that the Muzaffarnagar Police is committing atrocities on Maulana.Fact Check: No, this is not the son of IB operative Ankit Sharma killed in Delhi riots",fake
COVID-19,Fact Check: Did Deepika wear a T-shirt in support of farmers?...,fake
MISLEADING,Fact Check: This is not the juvenile involved in Nirbhayas gang rape and murder. Fact Check: This is not the juvenile involved in Nirbhaya?s gang rape and murder,fake
TRAD,"This post about Indiaï¿½s first semi-high speed train, Tejas, is not...",fake
TERROR,First-ever study has grim prognosis: native squirrel could vanish from NE after 2050,real
MISLEADING,Journalist Rana Ayyub targeted with fake tweet in her name on Pranab Mukherjee?s death,fake
COVID-19,Plasma donation by singer Kanika Kapoor not happening now,real
TERROR,Situation at LAC tense; war with China canÕt be ruled out: CDS Gen Rawat,real
VIOLENCE,Unnao rape case: Delhi court defers sentencing of ex-BJP MLA Kuldeep Sengar to Dec 20,real
COVID-19,BrahMos to be exported to third countries starting with Philippines: Russian DCM,real
GOVERNMENT,Modi feeding peacocks stirs a row in poll-bound Bihar as RJD recalls 2017 Lalu episode,real
MISLEADING,"Fact Check: Actor Tom Hanks is taken ill by COVID-19, but this is a hoax",fake
VIOLENCE,Û÷Extraordinary and shockingÛª: SC seeks UP response on witness protection in Hathras case,real
POLITICS,Delhis Ghazipur poultry market to be opened after samples test negative for bird flu,real
TRAD,"Article 370, farm laws, NEP ï¿½ Modi govt plans booklet to showcase major reforms since 2014",real
GOVERNMENT,This picture of a woman protesting is NOT from JNU; heres...,fake
GOVERNMENT,"Centre likely to retain limited role, allow states have more say after Lockdown 4.0",real
VIOLENCE,Covid-19: MP CM Shivraj Chouhan discharged from hospital,real
GOVERNMENT,Fact Check: Nita Ambani did not tweet about governments expenditure on...,fake
MISLEADING,"No, Forbes Did Not Name Rahul Gandhi On A 'Most Educated Leaders' List",fake
ELECTION,"Sachin Pilot sacked as Rajasthan Dy CM & state Congress chief, says ï¿½truth canï¿½t be defeatedï¿½",real
MISLEADING,Is BJPÕs Vinod Agrawal disrespecting the tricolour? HereÕs the truth,fake
VIOLENCE,Pamphlets thrown at Kejriwal during roadshow at Dwarka questioning Shastris replacement,real
GOVERNMENT,Fact Check: INC spokesperson Pawan Khera didnt say anything against Maharana Pratap.Fact Check: Tweet claiming BJP leaders forced Nirav Modi to flee India is false,fake
GOVERNMENT,Suspension of flight service to Kolkata from major cities to continue,real
TRAD,Why thereï¿½s no stopping the spectacular rise of this Indian pharma company,real
COVID-19,"Over 24,000 cases in 24 hours, IndiaÕs COVID-19 tally crosses 6.7 lakh, death toll at 19,268",real
ELECTION,"Suspense on deputy CM, other ministers in Bihar",real
COVID-19,Fact Check: 14-Year-Old Killed In Bihar Is Not 'Cycle Girl' Jyoti Paswan. Fact Check: BR Ambedkar's great-grandson mistakes cattle breed for caste,fake
POLITICS,"Mamata Banerjee, Narendra Modi likely to share stage at 23rd January event: Report",real
ELECTION,"Jyotiraditya Scindia joins BJP, says Congress not the party it used to be",real
ELECTION,UÛªkhand BJP MLA faces allegation of Û÷sexually exploitingÛª a woman,real
POLITICS,The truth about the US President Trumpï¿½s India-US jersey,fake
POLITICS,Did Yogi Adityanath ever claim himself as God? What is the reality?.Did Nirmala Sitharaman touch IAF pilot Abhinandan?s mother?s feet? Here?s the...,fake
MISLEADING,"Fact Check: No, Ravish Kumar Did Not Identify Delhi Riot Gunman Shahrukh As Anurag Mishra",fake
COVID-19,2019 Pic Peddled As Buses Organised By Priyanka Gandhi Vadra For...,fake
GOVERNMENT,Kejriwal Vs Modi: Fact vs Non-Fact,fake
VIOLENCE,Viral video showing cracker stalls gutted during Diwali is not from Khammam,fake
VIOLENCE,2018 video of doctor attacked in MP recirculated amidst Kolkata doctorsÕ strike,fake
VIOLENCE,Old photos from Kashmir shared as recent to portray normalcy in region,fake
VIOLENCE,"No, this is not a video of Indian soldiers dancing to celebrate a recent airstrike on Pakistan.No, this is not a video of Indian Army soldiers skydiving",fake
COVID-19,"India developing 160 km-range Astra missile to get an edge over China, Pakistan",real
POLITICS,Fact Check: Did Shiv Sena 'Goons' Assault IDBI Bank Employee In Maharashtra?. Fact Check: Did Deepika Padukone Sport Pro Farmers' Protest Slogan While Reporting To NCB Office?,fake
TERROR,ÔParkinsonÕs is recognised as disablingÕ: NPRD seeks NHRCÕs intervention in Stan SwamyÕs case,real
TERROR,Rajnath Singh performs Shastra Puja at Sikkims Sherathang less than 2 km from LAC,real
MISLEADING,Video of Muslims exiting quarantine centre: Not Vinayaka Temple but residential lodging,fake
POLITICS,False: Govt has not suspended PC&PNDTC Act which prohibits sex selection before or after conception,fake
MISLEADING,Fact Check: Did Zee News Employee Attack Doctor For Trying To Administer COVID-19 Test?.Fact Check: Is India trying to prevent people from posting COVID-19 updates?,fake
ELECTION,"Rafale aircraft makes debut at Republic Day flypast, carries out ï¿½Brahmastraï¿½ formation",real
MISLEADING,Fact Check: First Dose Of COVAXIN Administered On Bharat Biotech Vice President VK Srinivas?.Fact Check: Is this Bharat Biotech VP taking the first dose of anti-Covid drug Covaxin?,fake
TERROR,Chinese have occupied Indian land: Rahul Gandhi,real
TERROR,"Post lockdown, banks to disburse Rs 5.6L cr: Finance Minister",real
TERROR,Tamil Nadu government denies nod to ally BJP for rally on lines of rath yatra,real
MISLEADING,"Did Ministry of Road Transport and Highways issue this circular? No,...",fake
ELECTION,Ruling Maharashtra coalition govt partner Congress admits to some issues in alliance,real
ELECTION,Frustrated attempt: Congress slams Centre over eviction notice to Priyanka Gandhi,real
TERROR,Pay $717 million to Chinese banks: UK court to Anil Ambani,real
POLITICS,"AAP, BJP, Congress politicise Delhi HCâs order to remove Hanuman temple at Chandni Chowk",fake
COVID-19,"After scuttling Iran deal, Trump renews fight with media; threatens to revoke credentials",fake
GOVERNMENT,"Amid Ladakh stand-off, Army mulls employing heli-kites, aerostats for surveillance of mountain passes",real
POLITICS,"Mamata Banerjee insulted Netaji to appease 30 percent voters, says Kailash Vijayvargiya",real
ELECTION,Mayawati expects Mahagathbandhans prospects to improve in next 2 phases,real
VIOLENCE,COVID-19 scare: Karnataka govt suspends kindergarten classes in Bengaluru,real
TERROR,Ayodhyas moved on from Babri demolition but outsiders keep taking it back,real
POLITICS,"Army readies for long winter haul as India, China hold 5th round of Corps Commander-level talks",real
TERROR,"India, Japan to conduct joint military exercise from 19 October",real
MISLEADING,Fact Check: TIME magazine did not publish TIMEto go cover featuring...,fake
TERROR,Nirbhaya Case: SC dismisses convict Pawan Guptas claim he was minor in 2012,real
COVID-19,False claim that Mohd RafiÕs song on Kashmir ÔJannat ki hai TasveerÕ was banned in 1966,fake
POLITICS,Let?s celebrate AAP?s criminal MLAs!,fake
GOVERNMENT,No central data on deaths during lockdown: Govt,real
COVID-19,"Sensex, Nifty hit record highs after RBI revises real GDP growth projection",real
ELECTION,"Farooq holds in-person meeting with NC leaders, says all-party meet soon",real
TERROR,CPNET results 2019 declared at cpnet.in | Direct link available here,real
ELECTION,"States adamant, GST meet again ends in deadlock",real
VIOLENCE,"In the lotus vs hand battle, the elephantï¿½s weight may scuttle the scales",real
VIOLENCE,ISIS destroying artefacts in Iraq shared as TMC workers breaking Vidyasagar statue,fake
VIOLENCE,Fact Check: Old congregation picture being falsely shared as lockdown violation...,fake
VIOLENCE,"No, The Man Being Hit With Slippers Is Not A Himachal BJP MLA",fake
TRAD,"MLA Pranav Singh Champion ï¿½ lover of guns, expensive liquor & perfume whoï¿½s back in BJP",real
COVID-19,"No, This Video Does Not Show Soldiers Celebrating Ganpati At Galwan.... Fact Check: Did Soldiers At Galwan Valley Celebrate Ganesh Puja As Claimed In The Viral Video?",fake
VIOLENCE,"Video from 2019 showing flooded Nalanda College, Patna shared as recent",fake
ELECTION,Devendra Fadnavis set to play key role in BJPÛªs campaign in Bihar polls,real
MISLEADING,Scuttling Transparency? ?Election Commission does not respond to 2000 ?RTI Online? applications,fake
GOVERNMENT,Fact Check: CM Uddhav Thackeray's Old Birthday Celebration Peddled As Recent.Fact Check: PM Narendra Modi's Independence Day speech,fake
MISLEADING,"Fact Check: Do 50 Crore Indian Mobile Subscribers Face Risk Of Deactivation Over Aadhaar eKYC?.Fact Check: Ex-IPS Officer Targets PM Modi, Shares Fake Image Of Kerala Floods",fake
VIOLENCE,"690 cases registered, nearly 2,200 arrested in Delhi riots case",real
MISLEADING,Fact Check: Did Bipin Rawat seek Army chief?s dismissal over Ladakh crisis?.Fact Check: Did Bipin Rawat seek Army chiefs dismissal over Ladakh crisis?,fake
VIOLENCE,Video viral with false claim that Muslims scatter notes on the road to spread coronavirus,fake
TERROR,"Seeking to study law at 77, woman challenges BCI rule on fixing age limit for admission",real
VIOLENCE,Super Cyclone Amphan to make landfall in West Bengal coast on Wednesday,real
MISLEADING,Msg claiming images of Lord Ram and Ram Mandir will be displayed at NY billboard is TRUE,fake
ELECTION,"Upcoming budget to be part of series of ï¿½mini budgetsï¿½ that FM gave in 2020, says PM Modi",real
COVID-19,Fact Check: Are fruit carts being destroyed in Ahmedabad ahead of Trumps visit?.Fact check: Is this lion roaming free on the streets of Mumbai?,fake
TERROR,"ÔStrengthening cooperation against all threats, not just those posed by ChineseÕ: US at 2+2 dialogue",real
COVID-19,"Fact Check: No, these EVMs in Bihar were not meant for rigging polls.The Five mantras for Fact Checking",fake
VIOLENCE,"Rajasthan Speaker moves SC again, challenges July 24 HC order",real
ELECTION,"In Mukul Roys elevation as BJP vice-president, a message for Trinamool turncoats",real
ELECTION,"55 Rajya Sabha seats, including Amit ShahÕs, to go to polls on March 26",real
ELECTION,"Filling vacant govt posts, clean drinking water ? BJP releases its Delhi poll manifesto",real
TERROR,"Mehbooba Mufti disrespecting tricolor by refusing to touch it, says Ravi Shankar Prasad",real
GOVERNMENT,This post related to PM ModiÕs brother is misleading; hereÕs the...,fake
COVID-19,India to take lead in providing vaccine to the world: S Jaishankar,real
TRAD,Kamal Nath says ï¿½all is wellï¿½ as Congress looks to escape floor test in MP,real
POLITICS,Fact Check: Is Tollywood actress Tamannah marrying Pakistani cricketer Abdul Razzaq?.FACT CHECK: Actor-turned Chandigarh BJP MP Kirron Kher did not say rape is part of Indian culture,fake
COVID-19,Fact Check: Morphed images of Thailand floods inundate social media.Fact Check: Old Kumbh Mela photos passed on social media as recent ones,fake
POLITICS,Google honours illustrator Sir John Tenniel on his 200th birth anniversary with doodle,real
POLITICS,"BJP misleads on Rafale, claims Reliance was already part of agreement finalised by UPA-II",fake
GOVERNMENT,"New guidelines for gyms, yoga institutes: 6-feet distance, masks, Aarogya Setu app must",real
GOVERNMENT,Curfew relaxed in Guwahati for 7 hrs as protests against Citizenship Act abate,real
COVID-19,"COVID-19 recovery rate rises to 70.77 pc, fatality rate declines to 1.96 pc: Health Ministry",real
TERROR,"Post letter row, Ravneet Bittu, Gaurav Gogoi elevated in Lok Sabha",real
GOVERNMENT,IANS Publishes Satire Article On Imran Khan As News,fake
GOVERNMENT,"16-year-old girl abducted, gangraped in UPÕs Muzaffarnagar",real
COVID-19,Fact Check: Puneâs âgolden boyâ passed off as MK Stalinâs grandson on Facebook,fake
ELECTION,Onions thrown towards Bihar CM Nitish Kumar at poll rally in Madhubani,real
MISLEADING,Rahul Gandhi In Dubai: Fake Claims About Â£1500 Breakfast Go Viral,fake
ELECTION,CAA-NPR-NCR unconstitutional package: Congress-led opposition parties demand its withdrawal,real
ELECTION,Rajasthan governor returns proposal; asks govt if it will take floor test,real
ELECTION,Pakistani players were not checked during the match against India; heres...,fake
COVID-19,"FAKE Alert: Govt is NOT providing Rs 3,500 under ?Pradhan Mantri....Is Modi govt launching a new Rs 1,000 note?",fake
POLITICS,Tell India exactly whats happening: Rahul Gandhi to Govt amid standoff with China,real
ELECTION,Dramabaazi: Nirmala Sitharaman on Rahul Gandhis meeting with migrants,real
MISLEADING,Clipped video viral with false claim that Rahul Gandhi wants to leave India and settle abroad,fake
VIOLENCE,This video of a man beating two women is not from....2018 Incident Of Woman Beaten By Husband Over Infidelity Shared With...,fake
TRAD,"With no evidence of ï¿½love jihadï¿½, man released from jail but UP police say probe to continue",real
COVID-19,"Fact Check: Did Wayanad celebrate Rahul Gandhis victory with Pakistani flags?.Fact Check: Did 25,000 Soldiers Return Shaurya Chakra Awards To Support...",fake
GOVERNMENT,MSRTC buses to resume inter-district operations from today,real
VIOLENCE,"Girl seen with Tamil beggars in Mangalore? No, this picture is...",fake
COVID-19,"Fact Check: Has Russia released 500 lions, forcing people to stay indoors given the COVID-19 pandemic ?.Has Russia released 500 lions on streets to keep people inside? Fact check",fake
VIOLENCE,Video From Mumbai Peddled As Police Retaliation For Attack On Indore...,fake
GOVERNMENT,Censor Board denies nod for Malayalam film Varthamanam on JNU agitation,real
COVID-19,Fact Check: Did US Economy Perform Worse Than India In April-June Quarter?. Fact Check: Did A Flyover Collapse In Bengaluru?,fake
POLITICS,"Nepal puts on hold changes on map, does not include three disputed areas with India",real
VIOLENCE,One dead as Bengal police lathicharge BJP supporters during Siliguri rally.Old video of lathicharge in Bihar shared as policemen beating up Kashmiris,fake
GOVERNMENT,Fact check: Viral image of PM Modi in white gown is morphed.,fake
POLITICS,"Did Multiple BJP Candidates Get Identical Votes of 2,11,820?. Did BJP MPs in seven constituencies get 211820 votes? Here?s the...",fake
POLITICS,Did Manmohan Singh get the first position in Ôfifty photos of...,fake
TERROR,FBI arrests man for killing 27-year-old Indian national in US seven years ago,real
COVID-19,"2,889 fresh COVID-19 cases in Delhi take tally to over 83,000; death toll climbs to 2,623",real
MISLEADING,Video Of Daring Bird Rescue In A Chopper Is Not From Surat,fake
POLITICS,"No, Kiran Bedi has not been appointed the new governor of J&K",fake
POLITICS,Suresh Chavhanke shares at least 5-year-old image as Telangana govtÕs free gift during Ramzan,fake
MISLEADING,"Fact Check: No, this woman was not raped inside a corona isolation ward",fake
ELECTION,Punjab Chief Minister lashes out against Delhi Chief Minister Arvind...,real
VIOLENCE,"Old, unrelated photo shared as farmers protesting revocation of Article 370",fake
POLITICS,"PM Modi gives clarion call over coronavirus crisis, asks citizens to unite in fight against menace",real
VIOLENCE,Fact Check: Truth behind video showing two men being thrashed in an office chamber,fake
COVID-19,"Fact Check: Is Govt providing jobs to one member of each....Indian Government is NOT giving Rs.2,000 to each citizen; Fact Check",fake
TERROR,No more scotch?ÊIndia bans imported goods at Army canteens: Report,real
GOVERNMENT,How two IIT-Bombay professors modelled Covid spread by studying coughs,real
COVID-19,Government says Chandrayaan-3 to be launched in first half of 2021,real
GOVERNMENT,SRK didnt talk about leaving the country; heres the fact check,fake
ELECTION,"Congress sacks Sachin Pilot as Rajasthan state chief, deputy CM",real
COVID-19,MOH has not issued Office Memo stating compulsory holiday in 4 states due to COVID-19,fake
COVID-19,Army Chief on Nepal visit to mend fences,real
VIOLENCE,2017 Photo Of Dogs Lounging On Hospital Beds In Bihar Viral As Recent.Fact Check: Video of coronavirus patients outside hospital is not from India,fake
GOVERNMENT,Deadlock continues as farmers reject govt proposal to set up expert panel; all eyes on Dec 3,real
TERROR,"VHP to step up pressure on Modi govt over Ram temple construction, to hold big events",real
COVID-19,"Indias Coronavirus death toll reaches 109, infections top 4000 as Govt draws aggressive containment plan",real
COVID-19,"Fact check: No, China Has Not Cancelled Dollar Peg In Stock Exchange...",fake
VIOLENCE,Dont believe this FAKE quote attributed to Parvez Musharraf,fake
VIOLENCE,"ÔLitmus test for HM Amit Shah, CM Yogi AdityanathÕ: Congress demands inquiry by SC judge in Vikas Dubey killing",real
VIOLENCE,Fact Check: Photos Of Interfaith Couple Shared With False 'Love Jihad' Claims. Dated Videos Shared With False Claim Of 'Another Shaheen Bagh Averted',fake
MISLEADING,Fact check: Did a Leopard prowl in Jalandhar amid lockdown ?,fake
VIOLENCE,"Netflix, Amazon Prime, Disney+ Hotstar will self-regulate content through this toolkit",real
GOVERNMENT,Fake Alert! Indian Railways deny rumours of running special train services,fake
VIOLENCE,Man held for sexual harassment for Youtube rant against woman in Mumbai,real
GOVERNMENT,J&K makes Braille compulsory for all students,real
TRAD,"Govt agrees to 2 of farmersï¿½ 4 demands after round 6 of talks, but wonï¿½t repeal farm lawsï¿½",real
GOVERNMENT,Madhu Kishwar Does It Again; Tweets Old Video Of Rahul Gandhi With...,fake
POLITICS,Jaishankar seeks high-end tech from Baltic nations,real
COVID-19,"Ordered 1.7 crore PPEs, 49,000 ventilators for health workers, doctors: Health Ministry",real
VIOLENCE,Fact Checked: Javed Akhtar didnt say that he will leave the...,fake
POLITICS,"Pranab Mukherjee: Erudite politician, constitutional purist, CongressÛª troubleshooter",real
VIOLENCE,School Bus Attacked During Padmaavat Protests Passed Off As Recent,fake
COVID-19,"Coronavirus LIVE | Toddler from Kerala, patient from J-K test positive, number of cases rises to 41 in India",real
GOVERNMENT,"GST set to meet, Sushil Modi says Centre morally bound to pay states",real
ELECTION,BJP pursues polarisation game in Bengal,real
VIOLENCE,"Old, unrelated images viral as vandalism by farmers during Bharat bandh",fake
COVID-19,"CentreÕs Delhi alarm: Test contacts in 72 hours, use more RT-PCR tests",real
GOVERNMENT,Girls behind bars tell their stories,real
MISLEADING,Fact Check: Viral WhatsApp Audio Clip Claiming India Will Go Into A Lockdown Is Fake.WhatsApp Audio Clip Claiming India Will Go Into A Lockdown is FAKE !,fake
GOVERNMENT,11 workers travelling from Himachal Pradesh to Bihar injured in accident in Uttar Pradesh,real
MISLEADING,Fact Check: Picture of BJP workers forming human flag is not from Yogiâs rally in Kerala,fake
TRAD,"ï¿½No force can stop justiceï¿½ ï¿½ Gandhis offer financial aid to Hathras victim, promise fight",real
COVID-19,Manoj Tiwari was beaten by Jats with shoes in Delhi? Heres...,fake
ELECTION,"ÔIndiaÕs global strategy in tatters, losing power and respect everywhereÕ: Rahul Gandhi attacks Centre",real
MISLEADING,The truth about a viral post about a Muslim woman and...,fake
POLITICS,President Kovind boards inaugural flight of VVIP plane Air India One to Chennai,real
POLITICS,Israeli team arrives in India with ambitious COVID testing agenda,real
ELECTION,BJP gains critical ground in Rajya Sabha,real
MISLEADING,"Swapan Dasgupta, Ram Madhav propagate false information about missing JNU student Najeeb Ahmed",fake
MISLEADING,"Fact Check: No, BJP worker didn't have a George Floyd moment with Kerala police",fake
POLITICS,"In Iran, Rajnath has Û÷fruitfulÛª talks on Afghan peace, regional security",real
MISLEADING,Fact Check: BJP leaderâs claim that 16 women were injured by jihadis in Sweden is false.,fake
POLITICS,"Modi to visit Dhaka amid tensions in ties over CAA, NRC",real
VIOLENCE,Images Of Bus Accident Involving BSF Personnel Viral With Fake Claims,fake
POLITICS,Swarajya acknowledges error after Alt News expos; Author hurls abuses for pointing out the error,fake
VIOLENCE,Fact Check: These pictures of farmersâ protest in Berlin are over a year old,fake
ELECTION,"Rahul again targets Centre over handling of COVID, economy",real
MISLEADING,Fact Check: Don?t fall for morphed picture of Pele mourning at....Fact Check: Pope Francis is down with a common cold and not coronavirus,fake
GOVERNMENT,Fact Check: Handcuffed man in this photo is not Bhagat Singh,fake
VIOLENCE,Special CBI court acquits all 32 accused in Babri demolition case,real
COVID-19,Male govt employees who are single parents can now take child care leave: MoS Jitendra Singh,real
ELECTION,Maharashtra Speaker rejects BJPs demand for resolution on Hindutva ideologue Savarkar,real
COVID-19,Indian-origin professorÛªs UK firm strikes Covid-19 vaccine pact with India,real
VIOLENCE,This fabricated video has been designed by adding pictures and videos of old incidents held in different cities. It is being spread with the claim that the videos represent the current situation of Kashmir.,fake
GOVERNMENT,Centre appeals Supreme Court to stop tractor rally of protesting farmers scheduled for January 26,real
GOVERNMENT,Alok Verma did not say that Modi is the most corrupt...,fake
VIOLENCE,"4 Nirbhaya convicts to be hanged at 6 am on Feb 1, Delhi court issues fresh death warrant",real
ELECTION,"PDP youth leader Waheed Para, arrested under UAPA, wins J&K DDC poll from Pulwama",real
VIOLENCE,Fact Check: Does Srirangam temple has a statue of Chinese man stabbing a warrior?,fake
COVID-19,"No, RBI is not going to discontinue Rs 2000 currency notes; false message viral",fake
VIOLENCE,"20 days on, Chennai's Thalambur remains waterlogged due to monsoon showers",fake
VIOLENCE,"Fact Check: Old video of pro-Pak, pro-Khalistan rally revived in context of current farmers' agitation",fake
GOVERNMENT,Police increase Û÷peripheralÛª security outside BachchansÛª homes,real
POLITICS,"Monsoon arrives in Maharashtra, coastal areas receive showers",real
VIOLENCE,Two-year-old video falsely shared as Amit Shahâs convoy attacked in Bihar during campaigning,fake
VIOLENCE,Fact Check: Old video of stone pelting on Bihar CM Nitish...,fake
VIOLENCE,Old video from UK viral as farmers raising pro-Pak and Khalistan slogans during protests,fake
POLITICS,Bharat Bandh displayed unity: Punjab CM Amarinder Singh,fake
